-- phpMyAdmin SQL Dump
-- version 4.5.1
-- http://www.phpmyadmin.net
--
-- Host: 127.0.0.1
-- Generation Time: Nov 18, 2016 at 04:33 AM
-- Server version: 10.1.16-MariaDB
-- PHP Version: 5.6.24

SET SQL_MODE = "NO_AUTO_VALUE_ON_ZERO";
SET time_zone = "+00:00";


/*!40101 SET @OLD_CHARACTER_SET_CLIENT=@@CHARACTER_SET_CLIENT */;
/*!40101 SET @OLD_CHARACTER_SET_RESULTS=@@CHARACTER_SET_RESULTS */;
/*!40101 SET @OLD_COLLATION_CONNECTION=@@COLLATION_CONNECTION */;
/*!40101 SET NAMES utf8mb4 */;

--
-- Database: `ppmjogja`
--

-- --------------------------------------------------------

--
-- Table structure for table `admin`
--

CREATE TABLE `admin` (
  `id` char(6) NOT NULL,
  `username` varchar(255) NOT NULL,
  `password` varchar(255) NOT NULL
) ENGINE=InnoDB DEFAULT CHARSET=latin1;

--
-- Dumping data for table `admin`
--

INSERT INTO `admin` (`id`, `username`, `password`) VALUES
('KBM001', 'kbm001', '$2y$10$EGySTfexZgvJQ16exBWqeue1HRGQYB0xUGy.wwwJt9krTALlhcz0O'),
('PPM001', 'ppm001', '$2y$10$Ea/GUtpw/ygCGbAIwEmXUeCU4oHNDE3tz/ZntR9.78iygkEbd0xMm');

-- --------------------------------------------------------

--
-- Table structure for table `data_santri`
--

CREATE TABLE `data_santri` (
  `nis` char(6) NOT NULL,
  `nama` varchar(255) NOT NULL,
  `panggilan` varchar(255) NOT NULL,
  `jenis_kelamin` enum('L','P') NOT NULL,
  `tempat_lahir` varchar(255) NOT NULL,
  `tanggal_lahir` date NOT NULL,
  `no_hp` varchar(20) NOT NULL,
  `alamat` varchar(255) NOT NULL,
  `kode_kuliah` char(6) NOT NULL,
  `gol_darah` enum('O','A','B','AB') NOT NULL
) ENGINE=InnoDB DEFAULT CHARSET=latin1;

--
-- Dumping data for table `data_santri`
--

INSERT INTO `data_santri` (`nis`, `nama`, `panggilan`, `jenis_kelamin`, `tempat_lahir`, `tanggal_lahir`, `no_hp`, `alamat`, `kode_kuliah`, `gol_darah`) VALUES
('PA1501', 'Achmad Thesa Widhaswara', 'Thesa', 'L', 'Nganjuk', '1996-02-22', '0857-3592-0579', 'Jl. K.H. Mustaim Romli RT/RW 02/02 Desa Bangsri kec. Kertosono kab. Nganjuk', 'I04000', 'A'),
('PA1502', 'Amar Wicaksono', 'Amar', 'L', 'CIlacap', '1997-06-06', '0857-2668-8292', 'Cilacap', 'A01000', 'O'),
('PA1517', 'Faisal Malik Widya Prasetya', 'iCal', 'L', 'Serang', '1996-05-05', '0822-9967-0740', 'Pejaten Mas Blok A/15 Kel. Pejaten, Kec. Kramatwatu, Kab. Serang, Prov. Banten', 'U04000', 'O'),
('PA1599', 'Fengkie Junis', 'Fengkie', 'L', 'Palu', '1995-03-01', '0871-6517-7811', 'Palu', 'U04000', 'A');

-- --------------------------------------------------------

--
-- Table structure for table `hapalan`
--

CREATE TABLE `hapalan` (
  `nis` char(6) NOT NULL,
  `qid` int(4) NOT NULL,
  `str_date` date NOT NULL,
  `skor` int(1) NOT NULL
) ENGINE=InnoDB DEFAULT CHARSET=latin1;

--
-- Dumping data for table `hapalan`
--

INSERT INTO `hapalan` (`nis`, `qid`, `str_date`, `skor`) VALUES
('PA1501', 1, '2016-11-15', 4),
('PA1501', 2, '2016-11-15', 4),
('PA1501', 3, '2016-11-15', 4),
('PA1501', 4, '2016-11-15', 4),
('PA1501', 5, '2016-11-15', 4),
('PA1501', 6, '2016-11-15', 4),
('PA1501', 7, '2016-11-15', 4),
('PA1502', 1, '2016-11-15', 4),
('PA1502', 2, '2016-11-15', 4),
('PA1502', 3, '2016-11-15', 4),
('PA1502', 4, '2016-11-15', 4),
('PA1502', 5, '2016-11-15', 4),
('PA1502', 6, '2016-11-15', 4),
('PA1502', 7, '2016-11-15', 4),
('PA1517', 1, '2016-11-15', 4),
('PA1517', 2, '2016-11-15', 4),
('PA1517', 3, '2016-11-15', 4),
('PA1517', 4, '2016-11-15', 4),
('PA1517', 5, '2016-11-15', 4),
('PA1517', 6, '2016-11-15', 4),
('PA1517', 7, '2016-11-15', 4),
('PA1517', 291, '2016-11-14', 4),
('PA1517', 292, '2016-11-14', 4),
('PA1517', 293, '2016-11-14', 4),
('PA1517', 5968, '2016-11-15', 4),
('PA1517', 5969, '2016-11-15', 4),
('PA1517', 5970, '2016-11-15', 4),
('PA1517', 5971, '2016-11-15', 4),
('PA1517', 5972, '2016-11-15', 4),
('PA1517', 5973, '2016-11-15', 4),
('PA1517', 5974, '2016-11-15', 4),
('PA1517', 5975, '2016-11-15', 4),
('PA1517', 5976, '2016-11-15', 4),
('PA1517', 5977, '2016-11-15', 4),
('PA1517', 5978, '2016-11-15', 4),
('PA1517', 5979, '2016-11-15', 4),
('PA1517', 5980, '2016-11-15', 4),
('PA1517', 5981, '2016-11-15', 4),
('PA1517', 5982, '2016-11-15', 4),
('PA1517', 5983, '2016-11-15', 4),
('PA1517', 5984, '2016-11-15', 4),
('PA1517', 5985, '2016-11-15', 4),
('PA1517', 5986, '2016-11-15', 4),
('PA1517', 5987, '2016-11-15', 4),
('PA1517', 5988, '2016-11-15', 4),
('PA1517', 5989, '2016-11-15', 4),
('PA1517', 5990, '2016-11-15', 4),
('PA1517', 5991, '2016-11-15', 4),
('PA1517', 5992, '2016-11-15', 4),
('PA1517', 5993, '2016-11-15', 4),
('PA1517', 5994, '2016-11-15', 4),
('PA1517', 5995, '2016-11-15', 4),
('PA1517', 5996, '2016-11-15', 4),
('PA1517', 5997, '2016-11-15', 4),
('PA1517', 5998, '2016-11-15', 4),
('PA1517', 5999, '2016-11-15', 4),
('PA1517', 6000, '2016-11-15', 4),
('PA1517', 6001, '2016-11-15', 4),
('PA1517', 6002, '2016-11-15', 4),
('PA1517', 6003, '2016-11-15', 4),
('PA1517', 6004, '2016-11-15', 4),
('PA1517', 6005, '2016-11-15', 4),
('PA1517', 6006, '2016-11-15', 4),
('PA1517', 6007, '2016-11-15', 4),
('PA1517', 6008, '2016-11-15', 4),
('PA1517', 6009, '2016-11-15', 4),
('PA1517', 6010, '2016-11-15', 4),
('PA1517', 6011, '2016-11-15', 4),
('PA1517', 6012, '2016-11-15', 4),
('PA1517', 6013, '2016-11-15', 4),
('PA1517', 6014, '2016-11-15', 4),
('PA1517', 6015, '2016-11-15', 4),
('PA1517', 6016, '2016-11-15', 4),
('PA1517', 6017, '2016-11-15', 4),
('PA1517', 6018, '2016-11-15', 4),
('PA1517', 6019, '2016-11-15', 4),
('PA1517', 6020, '2016-11-15', 4),
('PA1517', 6021, '2016-11-15', 4),
('PA1517', 6022, '2016-11-15', 4),
('PA1517', 6023, '2016-11-15', 4),
('PA1517', 6139, '2016-11-12', 4),
('PA1517', 6140, '2016-11-12', 4),
('PA1517', 6141, '2016-11-12', 4),
('PA1517', 6142, '2016-11-12', 4),
('PA1517', 6143, '2016-11-12', 4),
('PA1517', 6144, '2016-11-12', 4),
('PA1517', 6145, '2016-11-12', 4),
('PA1517', 6146, '2016-11-12', 4),
('PA1517', 6147, '2016-11-12', 4),
('PA1517', 6148, '2016-11-12', 4),
('PA1517', 6149, '2016-11-12', 4),
('PA1517', 6150, '2016-11-12', 4),
('PA1517', 6151, '2016-11-12', 4),
('PA1517', 6152, '2016-11-12', 4),
('PA1517', 6153, '2016-11-12', 4),
('PA1517', 6154, '2016-11-12', 4),
('PA1517', 6155, '2016-11-12', 4),
('PA1517', 6156, '2016-11-12', 4),
('PA1517', 6157, '2016-11-12', 4),
('PA1517', 6158, '2016-11-12', 4),
('PA1517', 6159, '2016-11-12', 4),
('PA1517', 6160, '2016-11-12', 4),
('PA1517', 6161, '2016-11-12', 4),
('PA1517', 6162, '2016-11-12', 4),
('PA1517', 6163, '2016-11-12', 4),
('PA1517', 6164, '2016-11-12', 4),
('PA1517', 6165, '2016-11-12', 4),
('PA1517', 6166, '2016-11-12', 4),
('PA1517', 6167, '2016-11-12', 4),
('PA1517', 6168, '2016-11-12', 4),
('PA1517', 6169, '2016-11-12', 4),
('PA1517', 6170, '2016-11-12', 4),
('PA1517', 6171, '2016-11-12', 4),
('PA1517', 6172, '2016-11-12', 4),
('PA1517', 6173, '2016-11-12', 4),
('PA1517', 6174, '2016-11-12', 4),
('PA1517', 6175, '2016-11-12', 4),
('PA1517', 6176, '2016-11-12', 4),
('PA1517', 6177, '2016-11-12', 4),
('PA1517', 6178, '2016-11-12', 4),
('PA1517', 6179, '2016-11-12', 4),
('PA1517', 6180, '2016-11-12', 4),
('PA1517', 6181, '2016-11-12', 4),
('PA1517', 6182, '2016-11-12', 4),
('PA1517', 6183, '2016-11-12', 4),
('PA1517', 6184, '2016-11-12', 4),
('PA1517', 6185, '2016-11-12', 4),
('PA1517', 6186, '2016-11-12', 4),
('PA1517', 6187, '2016-11-12', 4),
('PA1517', 6188, '2016-11-12', 4),
('PA1517', 6189, '2016-11-12', 4),
('PA1517', 6190, '2016-11-12', 4),
('PA1517', 6191, '2016-11-12', 4),
('PA1517', 6192, '2016-11-12', 4),
('PA1517', 6193, '2016-11-12', 4),
('PA1517', 6194, '2016-11-12', 4),
('PA1517', 6195, '2016-11-12', 4),
('PA1517', 6196, '2016-11-12', 4),
('PA1517', 6197, '2016-11-12', 4),
('PA1517', 6198, '2016-11-12', 4),
('PA1517', 6199, '2016-11-12', 4),
('PA1517', 6200, '2016-11-12', 4),
('PA1517', 6201, '2016-11-12', 4),
('PA1517', 6202, '2016-11-12', 4),
('PA1517', 6203, '2016-11-12', 4),
('PA1517', 6204, '2016-11-12', 4),
('PA1517', 6205, '2016-11-12', 4),
('PA1517', 6206, '2016-11-12', 4),
('PA1517', 6207, '2016-11-12', 4),
('PA1517', 6208, '2016-11-12', 4),
('PA1517', 6209, '2016-11-12', 4),
('PA1517', 6210, '2016-11-12', 4),
('PA1517', 6211, '2016-11-12', 4),
('PA1517', 6212, '2016-11-12', 4),
('PA1517', 6213, '2016-11-12', 4),
('PA1517', 6214, '2016-11-12', 4),
('PA1517', 6215, '2016-11-12', 4),
('PA1517', 6216, '2016-11-12', 4),
('PA1517', 6217, '2016-11-12', 4),
('PA1517', 6218, '2016-11-12', 4),
('PA1517', 6219, '2016-11-12', 4),
('PA1517', 6220, '2016-11-12', 4),
('PA1517', 6221, '2016-11-12', 4),
('PA1517', 6222, '2016-11-12', 4),
('PA1517', 6223, '2016-11-12', 4),
('PA1517', 6224, '2016-11-12', 4),
('PA1517', 6225, '2016-11-12', 4),
('PA1517', 6226, '2016-11-12', 4),
('PA1517', 6227, '2016-11-12', 4),
('PA1517', 6228, '2016-11-12', 4),
('PA1517', 6229, '2016-11-12', 4),
('PA1517', 6230, '2016-11-12', 4),
('PA1517', 6231, '2016-11-12', 4),
('PA1517', 6232, '2016-11-12', 4),
('PA1517', 6233, '2016-11-12', 4),
('PA1517', 6234, '2016-11-12', 4),
('PA1517', 6235, '2016-11-12', 4),
('PA1517', 6236, '2016-11-12', 4),
('PA1599', 1, '2016-11-18', 3),
('PA1599', 2, '2016-11-18', 3),
('PA1599', 3, '2016-11-18', 3),
('PA1599', 4, '2016-11-18', 3),
('PA1599', 5, '2016-11-18', 3),
('PA1599', 6, '2016-11-18', 3),
('PA1599', 7, '2016-11-18', 3),
('PA1599', 6231, '2016-11-18', 3),
('PA1599', 6232, '2016-11-18', 3),
('PA1599', 6233, '2016-11-18', 3),
('PA1599', 6234, '2016-11-18', 3),
('PA1599', 6235, '2016-11-18', 3),
('PA1599', 6236, '2016-11-18', 3);

-- --------------------------------------------------------

--
-- Table structure for table `himpunan`
--

CREATE TABLE `himpunan` (
  `himpunanid` int(2) NOT NULL,
  `namahimpunan` varchar(126) NOT NULL
) ENGINE=InnoDB DEFAULT CHARSET=latin1;

-- --------------------------------------------------------

--
-- Table structure for table `kampus`
--

CREATE TABLE `kampus` (
  `kode_kampus` char(3) NOT NULL,
  `kampus` varchar(255) NOT NULL
) ENGINE=InnoDB DEFAULT CHARSET=latin1;

--
-- Dumping data for table `kampus`
--

INSERT INTO `kampus` (`kode_kampus`, `kampus`) VALUES
('000', 'LAINNYA'),
('A01', 'AKADEMI AKUNTANSI "YKPN"'),
('A02', 'AKADEMI ANALIS FARMASI DAN MAKANAN AKAFARMA "AL-ISLAM"'),
('A03', 'AKADEMI ANALIS KESEHATAN "MANGGALA"'),
('A04', 'AKADEMI ANGKATAN UDARA'),
('A05', 'AKADEMI BAHASA ASING SINEMA YOGYAKARTA'),
('A06', 'AKADEMI FISIOTERAPI "YAB"'),
('A07', 'AKADEMI KEBIDANAN NYAI AHMAD DAHLAN'),
('A08', 'AKADEMI KEBIDANAN UMMI KHASANAH'),
('A09', 'AKADEMI KEBIDANAN YOGYAKARTA'),
('A10', 'AKADEMI KEPERAWATAN "PANTI RAPIH"'),
('A11', 'AKADEMI KEPERAWATAN NOTOKUSUMO'),
('A12', 'AKADEMI KEPERAWATAN YKY'),
('A13', 'AKADEMI KESEHATAN KARYA HUSADA YOGYAKARTA'),
('A14', 'AKADEMI KESEJAHTERAAN SOSIAL'),
('A15', 'AKADEMI KETATALAKSANAAN PELAYANAN NIAGARA BAHTERA'),
('A16', 'AKADEMI KOMUNIKASI INDONESIA "YPK"'),
('A17', 'AKADEMI KOMUNIKASI RADYA BINATAMA'),
('A18', 'AKADEMI KOMUNIKASI YOGYAKARTA'),
('A19', 'AKADEMI MANAJEMEN ADMINISTRASI DHARMALA'),
('A20', 'AKADEMI MANAJEMEN ADMINISTRASI YOGYAKARTA'),
('A21', 'AKADEMI MANAJEMEN ADMINISTRASI YPK'),
('A22', 'AKADEMI MANAJEMEN INFORMATIKA DAN KOMPUTER BSI'),
('A23', 'AKADEMI MANAJEMEN PUTRA JAYA'),
('A24', 'AKADEMI MARITIM GANESHA'),
('A25', 'AKADEMI MARITIM YOGYAKARTA'),
('A26', 'AKADEMI PARIWISATA BSI'),
('A27', 'AKADEMI PARIWISATA BUANA WISATA'),
('A28', 'AKADEMI PARIWISATA DHARMA NUSANTARA SAKTI'),
('A29', 'AKADEMI PARIWISATA INDRAPHRASTA'),
('A30', 'AKADEMI PARIWISATA STIPARY'),
('A31', 'AKADEMI PARIWISATA YOGYAKARTA AKPARYO'),
('A32', 'AKADEMI PERIKANAN YOGYAKARTA'),
('A33', 'AKADEMI PERTANIAN YOGYAKARTA'),
('A34', 'AKADEMI PETERNAKAN BRAHMAPUTRA'),
('A35', 'AKADEMI SEKRETARI DAN MANAJEMEN INDONESIA'),
('A36', 'AKADEMI SEKRETARI DAN MANAJEMEN INDONESIA DESANTA'),
('A37', 'AKADEMI SENI RUPA DAN DESAIN MSD'),
('A38', 'AKADEMI TEKNIK PIRI'),
('A39', 'AKADEMI TEKNIK YKPN'),
('A40', 'AKPER KARYA BAKTI HUSADA'),
('A41', 'ASMI SANTA MARIA YOGYAKARTA'),
('A42', 'ATRO "CITRA BANGSA"'),
('I01', 'IKIP PGRI WATES YOGYAKARTA'),
('I02', 'INSTITUT PERTANIAN YOGYAKARTA'),
('I03', 'INSTITUT PERTANIAN STIPER'),
('I04', 'INSTITUT SAINS DAN TEKNOLOGI AKPRIND'),
('I05', 'INSTITUT SENI INDONESIA'),
('I06', 'INSTITUT TEKNOLOGI "YLH"  YOGYAKARTA '),
('P01', 'POLITEKNIK "API" YOGYAKARTA'),
('P02', 'POLITEKNIK "ATK"'),
('P03', 'POLITEKNIK "LPP" YOGYAKARTA'),
('P04', 'POLITEKNIK KESEHATAN "PERMATA INDONESIA"'),
('P05', 'POLITEKNIK KESEHATAN BHAKTI SETYA INDONESIA'),
('P06', 'POLITEKNIK MEKATRONIKA SANATA DHARMA'),
('P07', 'POLITEKNIK MUHAMMADIYAH YOGYAKARTA'),
('P08', 'POLITEKNIK PPKP YOGYAKARTA'),
('P09', 'POLITEKNIK SENI YOGYAKARTA'),
('P10', 'POLTEKKES KEMENKES YOGYAKARTA'),
('S01', 'SEKOLAH TINGGI AGAMA ISLAM MASJID SYUHADA YOGYAKARTA'),
('S02', 'SEKOLAH TINGGI AGAMA ISLAM WONOSARI YOGYAKARTA'),
('S03', 'SEKOLAH TINGGI BAHASA ASING "LIA"'),
('S04', 'SEKOLAH TINGGI EKONOMI DAN BISNIS ISLAM AL - MUHSIN YOGYAKARTA'),
('S05', 'SEKOLAH TINGGI EKONOMI ISLAM HAMFARA'),
('S06', 'SEKOLAH TINGGI EKONOMI ISLAM YOGYAKARTA'),
('S07', 'SEKOLAH TINGGI ILMU ADMINISTRASI "AAN"'),
('S08', 'SEKOLAH TINGGI ILMU AGAMA ISLAM ALMA ATA'),
('S09', 'SEKOLAH TINGGI ILMU AL-QUR`AN AN NUR'),
('S10', 'SEKOLAH TINGGI ILMU EKONOMI "BBANK"'),
('S11', 'SEKOLAH TINGGI ILMU EKONOMI "IEU"'),
('S12', 'SEKOLAH TINGGI ILMU EKONOMI "MITRA INDONESIA"'),
('S13', 'SEKOLAH TINGGI ILMU EKONOMI "NUSA MEGARKENCANA"'),
('S14', 'SEKOLAH TINGGI ILMU EKONOMI "PARIWISATA API"'),
('S15', 'SEKOLAH TINGGI ILMU EKONOMI "YKP"'),
('S16', 'SEKOLAH TINGGI ILMU EKONOMI "YKPN"'),
('S17', 'SEKOLAH TINGGI ILMU EKONOMI KERJASAMA YOGYAKARTA'),
('S18', 'SEKOLAH TINGGI ILMU EKONOMI SBI'),
('S19', 'SEKOLAH TINGGI ILMU EKONOMI WIDYA WIWAHA'),
('S20', 'SEKOLAH TINGGI ILMU KESEHATAN "AISYIYAH YOGYAKARTA'),
('S21', 'SEKOLAH TINGGI ILMU KESEHATAN "AL-ISLAM"'),
('S22', 'SEKOLAH TINGGI ILMU KESEHATAN "ALMA ATA"'),
('S23', 'SEKOLAH TINGGI ILMU KESEHATAN "BETHESDA YAKKUM"'),
('S24', 'SEKOLAH TINGGI ILMU KESEHATAN "SURYA GLOBAL"'),
('S25', 'SEKOLAH TINGGI ILMU KESEHATAN "WIRA HUSADA"'),
('S26', 'SEKOLAH TINGGI ILMU KESEHATAN GUNA BANGSA YOGYAKARTA'),
('S27', 'SEKOLAH TINGGI ILMU KESEHATAN JENDERAL AHMAD YANI YOGYAKARTA'),
('S28', 'SEKOLAH TINGGI ILMU KESEHATAN MADANI YOGYAKARTA'),
('S29', 'SEKOLAH TINGGI ILMU KESEHATAN YOGYAKARTA'),
('S30', 'SEKOLAH TINGGI ILMU MANAGEMEN "YKPN"'),
('S31', 'SEKOLAH TINGGI KEGURUAN DAN ILMU PENDIDIKAN CATUR SAKTI'),
('S32', 'SEKOLAH TINGGI MULTI MEDIA "MMTC"'),
('S33', 'SEKOLAH TINGGI PARIWISATA AMBARRUKMO YOGYAKARTA'),
('S34', 'SEKOLAH TINGGI PARIWISATA AMPTA YOGYAKARTA'),
('S35', 'SEKOLAH TINGGI PEMBANGUNAN MASYARAKAT DESA "APMD"'),
('S36', 'SEKOLAH TINGGI PENDIDIKAN ISLAM "BINA INSAN MULIA"'),
('S37', 'SEKOLAH TINGGI PENYULUHAN PERTANIAN'),
('S38', 'SEKOLAH TINGGI PERTANAHAN NASIONAL'),
('S39', 'SEKOLAH TINGGI PSIKOLOGI YOGYAKARTA'),
('S40', 'SEKOLAH TINGGI SENI RUPA DAN DESAIN VISI INDONESIA'),
('S41', 'SEKOLAH TINGGI TEKNOLOGI ADISUTJIPTO'),
('S42', 'SEKOLAH TINGGI TEKNOLOGI KEDIRGANTARAAN YOGYAKARTA'),
('S43', 'SEKOLAH TINGGI TEKNOLOGI NASIONAL'),
('S44', 'SEKOLAH TINGGI TEKNOLOGI NUKLIR BATAN'),
('S45', 'STISIPOL "KARTIKA BANGSA"'),
('S46', 'STMIK AKAKOM YOGYAKARTA'),
('S47', 'STMIK AMIKOM YOGYAKARTA'),
('S48', 'STMIK EL RAHMA YOGYAKARTA'),
('S49', 'STMIK JENDERAL ACHMAD YANI'),
('U01', 'UNIVERSITAS AHMAD DAHLAN'),
('U02', 'UNIVERSITAS ATMA JAYA YOGYAKARTA'),
('U03', 'UNIVERSITAS COKROAMINOTO YOGYAKARTA'),
('U04', 'UNIVERSITAS GADJAH MADA'),
('U05', 'UNIVERSITAS GUNUNG KIDUL YOGYAKARTA'),
('U06', 'UNIVERSITAS ISLAM INDONESIA'),
('U07', 'UNIVERSITAS ISLAM NEGERI SUNAN KALIJAGA'),
('U08', 'UNIVERSITAS JANABADRA'),
('U09', 'UNIVERSITAS KRISTEN DUTA WACANA'),
('U10', 'UNIVERSITAS KRISTEN IMANUEL'),
('U11', 'UNIVERSITAS MERCU BUANA YOGYAKARTA'),
('U12', 'UNIVERSITAS MUHAMMADIYAH YOGYAKARTA '),
('U13', 'UNIVERSITAS NEGERI YOGYAKARTA'),
('U14', 'UNIVERSITAS PGRI YOGYAKARTA'),
('U15', 'UNIVERSITAS PROKLAMASI 45 YOGYAKARTA'),
('U16', 'UNIVERSITAS RESPATI YOGYAKARTA '),
('U17', 'UNIVERSITAS SANATA DHARMA YOGYAKARTA'),
('U18', 'UNIVERSITAS SARJANAWIYATA TAMANSISWA'),
('U19', 'UNIVERSITAS TEKNOLOGI YOGYAKARTA'),
('U20', 'UNIVERSITAS TERBUKA UPBJJ YOGYAKARTA '),
('U21', 'UNIVERSITAS WIDYA MATARAM'),
('U22', 'UPN VETERAN YOGYAKARTA');

-- --------------------------------------------------------

--
-- Table structure for table `kuliah`
--

CREATE TABLE `kuliah` (
  `kode_kuliah` char(6) NOT NULL,
  `kode_kampus` char(3) NOT NULL,
  `prodi` varchar(255) NOT NULL,
  `jenjang` enum('S1','S2','S3','D1','D2','D3','D4','PROFESI','SP1','SP2','LAINNYA') NOT NULL
) ENGINE=InnoDB DEFAULT CHARSET=latin1;

--
-- Dumping data for table `kuliah`
--

INSERT INTO `kuliah` (`kode_kuliah`, `kode_kampus`, `prodi`, `jenjang`) VALUES
('000000', '000', 'LAINNYA', 'LAINNYA'),
('A01000', 'A01', 'LAINNYA', 'LAINNYA'),
('A02000', 'A02', 'LAINNYA', 'LAINNYA'),
('A03000', 'A03', 'LAINNYA', 'LAINNYA'),
('A04000', 'A04', 'LAINNYA', 'LAINNYA'),
('A05000', 'A05', 'LAINNYA', 'LAINNYA'),
('A06000', 'A06', 'LAINNYA', 'LAINNYA'),
('A07000', 'A07', 'LAINNYA', 'LAINNYA'),
('A08000', 'A08', 'LAINNYA', 'LAINNYA'),
('A09000', 'A09', 'LAINNYA', 'LAINNYA'),
('A10000', 'A10', 'LAINNYA', 'LAINNYA'),
('A11000', 'A11', 'LAINNYA', 'LAINNYA'),
('A12000', 'A12', 'LAINNYA', 'LAINNYA'),
('A13000', 'A13', 'LAINNYA', 'LAINNYA'),
('A14000', 'A14', 'LAINNYA', 'LAINNYA'),
('A15000', 'A15', 'LAINNYA', 'LAINNYA'),
('A16000', 'A16', 'LAINNYA', 'LAINNYA'),
('A17000', 'A17', 'LAINNYA', 'LAINNYA'),
('A18000', 'A18', 'LAINNYA', 'LAINNYA'),
('A19000', 'A19', 'LAINNYA', 'LAINNYA'),
('A20000', 'A20', 'LAINNYA', 'LAINNYA'),
('A21000', 'A21', 'LAINNYA', 'LAINNYA'),
('A22000', 'A22', 'LAINNYA', 'LAINNYA'),
('A23000', 'A23', 'LAINNYA', 'LAINNYA'),
('A24000', 'A24', 'LAINNYA', 'LAINNYA'),
('A25000', 'A25', 'LAINNYA', 'LAINNYA'),
('A26000', 'A26', 'LAINNYA', 'LAINNYA'),
('A27000', 'A27', 'LAINNYA', 'LAINNYA'),
('A28000', 'A28', 'LAINNYA', 'LAINNYA'),
('A29000', 'A29', 'LAINNYA', 'LAINNYA'),
('A30000', 'A30', 'LAINNYA', 'LAINNYA'),
('A31000', 'A31', 'LAINNYA', 'LAINNYA'),
('A32000', 'A32', 'LAINNYA', 'LAINNYA'),
('A33000', 'A33', 'LAINNYA', 'LAINNYA'),
('A34000', 'A34', 'LAINNYA', 'LAINNYA'),
('A35000', 'A35', 'LAINNYA', 'LAINNYA'),
('A36000', 'A36', 'LAINNYA', 'LAINNYA'),
('A37000', 'A37', 'LAINNYA', 'LAINNYA'),
('A38000', 'A38', 'LAINNYA', 'LAINNYA'),
('A39000', 'A39', 'LAINNYA', 'LAINNYA'),
('A40000', 'A40', 'LAINNYA', 'LAINNYA'),
('A41000', 'A41', 'LAINNYA', 'LAINNYA'),
('A42000', 'A42', 'LAINNYA', 'LAINNYA'),
('I01000', 'I01', 'LAINNYA', 'LAINNYA'),
('I02000', 'I02', 'LAINNYA', 'LAINNYA'),
('I03000', 'I03', 'LAINNYA', 'LAINNYA'),
('I04000', 'I04', 'LAINNYA', 'LAINNYA'),
('I05000', 'I05', 'LAINNYA', 'LAINNYA'),
('I06000', 'I06', 'LAINNYA', 'LAINNYA'),
('P01000', 'P01', 'LAINNYA', 'LAINNYA'),
('P02000', 'P02', 'LAINNYA', 'LAINNYA'),
('P03000', 'P03', 'LAINNYA', 'LAINNYA'),
('P04000', 'P04', 'LAINNYA', 'LAINNYA'),
('P05000', 'P05', 'LAINNYA', 'LAINNYA'),
('P06000', 'P06', 'LAINNYA', 'LAINNYA'),
('P07000', 'P07', 'LAINNYA', 'LAINNYA'),
('P08000', 'P08', 'LAINNYA', 'LAINNYA'),
('P09000', 'P09', 'LAINNYA', 'LAINNYA'),
('P10000', 'P10', 'LAINNYA', 'LAINNYA'),
('S01000', 'S01', 'LAINNYA', 'LAINNYA'),
('S02000', 'S02', 'LAINNYA', 'LAINNYA'),
('S03000', 'S03', 'LAINNYA', 'LAINNYA'),
('S04000', 'S04', 'LAINNYA', 'LAINNYA'),
('S05000', 'S05', 'LAINNYA', 'LAINNYA'),
('S06000', 'S06', 'LAINNYA', 'LAINNYA'),
('S07000', 'S07', 'LAINNYA', 'LAINNYA'),
('S08000', 'S08', 'LAINNYA', 'LAINNYA'),
('S09000', 'S09', 'LAINNYA', 'LAINNYA'),
('S10000', 'S10', 'LAINNYA', 'LAINNYA'),
('S11000', 'S11', 'LAINNYA', 'LAINNYA'),
('S12000', 'S12', 'LAINNYA', 'LAINNYA'),
('S13000', 'S13', 'LAINNYA', 'LAINNYA'),
('S14000', 'S14', 'LAINNYA', 'LAINNYA'),
('S15000', 'S15', 'LAINNYA', 'LAINNYA'),
('S16000', 'S16', 'LAINNYA', 'LAINNYA'),
('S17000', 'S17', 'LAINNYA', 'LAINNYA'),
('S18000', 'S18', 'LAINNYA', 'LAINNYA'),
('S19000', 'S19', 'LAINNYA', 'LAINNYA'),
('S20000', 'S20', 'LAINNYA', 'LAINNYA'),
('S21000', 'S21', 'LAINNYA', 'LAINNYA'),
('S22000', 'S22', 'LAINNYA', 'LAINNYA'),
('S23000', 'S23', 'LAINNYA', 'LAINNYA'),
('S24000', 'S24', 'LAINNYA', 'LAINNYA'),
('S25000', 'S25', 'LAINNYA', 'LAINNYA'),
('S26000', 'S26', 'LAINNYA', 'LAINNYA'),
('S27000', 'S27', 'LAINNYA', 'LAINNYA'),
('S28000', 'S28', 'LAINNYA', 'LAINNYA'),
('S29000', 'S29', 'LAINNYA', 'LAINNYA'),
('S30000', 'S30', 'LAINNYA', 'LAINNYA'),
('S31000', 'S31', 'LAINNYA', 'LAINNYA'),
('S32000', 'S32', 'LAINNYA', 'LAINNYA'),
('S33000', 'S33', 'LAINNYA', 'LAINNYA'),
('S34000', 'S34', 'LAINNYA', 'LAINNYA'),
('S35000', 'S35', 'LAINNYA', 'LAINNYA'),
('S36000', 'S36', 'LAINNYA', 'LAINNYA'),
('S37000', 'S37', 'LAINNYA', 'LAINNYA'),
('S38000', 'S38', 'LAINNYA', 'LAINNYA'),
('S39000', 'S39', 'LAINNYA', 'LAINNYA'),
('S40000', 'S40', 'LAINNYA', 'LAINNYA'),
('S41000', 'S41', 'LAINNYA', 'LAINNYA'),
('S42000', 'S42', 'LAINNYA', 'LAINNYA'),
('S43000', 'S43', 'LAINNYA', 'LAINNYA'),
('S44000', 'S44', 'LAINNYA', 'LAINNYA'),
('S45000', 'S45', 'LAINNYA', 'LAINNYA'),
('S46000', 'S46', 'LAINNYA', 'LAINNYA'),
('S47000', 'S47', 'LAINNYA', 'LAINNYA'),
('S48000', 'S48', 'LAINNYA', 'LAINNYA'),
('S49000', 'S49', 'LAINNYA', 'LAINNYA'),
('U01000', 'U01', 'LAINNYA', 'LAINNYA'),
('U02000', 'U02', 'LAINNYA', 'LAINNYA'),
('U03000', 'U03', 'LAINNYA', 'LAINNYA'),
('U04000', 'U04', 'LAINNYA', 'LAINNYA'),
('U05000', 'U05', 'LAINNYA', 'LAINNYA'),
('U06000', 'U06', 'LAINNYA', 'LAINNYA'),
('U07000', 'U07', 'LAINNYA', 'LAINNYA'),
('U08000', 'U08', 'LAINNYA', 'LAINNYA'),
('U09000', 'U09', 'LAINNYA', 'LAINNYA'),
('U10000', 'U10', 'LAINNYA', 'LAINNYA'),
('U11000', 'U11', 'LAINNYA', 'LAINNYA'),
('U12000', 'U12', 'LAINNYA', 'LAINNYA'),
('U13000', 'U13', 'LAINNYA', 'LAINNYA'),
('U14000', 'U14', 'LAINNYA', 'LAINNYA'),
('U15000', 'U15', 'LAINNYA', 'LAINNYA'),
('U16000', 'U16', 'LAINNYA', 'LAINNYA'),
('U17000', 'U17', 'LAINNYA', 'LAINNYA'),
('U18000', 'U18', 'LAINNYA', 'LAINNYA'),
('U19000', 'U19', 'LAINNYA', 'LAINNYA'),
('U20000', 'U20', 'LAINNYA', 'LAINNYA'),
('U21000', 'U21', 'LAINNYA', 'LAINNYA'),
('U22000', 'U22', 'LAINNYA', 'LAINNYA');

-- --------------------------------------------------------

--
-- Table structure for table `quran`
--

CREATE TABLE `quran` (
  `qid` int(4) NOT NULL,
  `juz` int(2) NOT NULL,
  `suratid` int(3) NOT NULL,
  `ayat` int(3) NOT NULL
) ENGINE=InnoDB DEFAULT CHARSET=latin1;

--
-- Dumping data for table `quran`
--

INSERT INTO `quran` (`qid`, `juz`, `suratid`, `ayat`) VALUES
(1, 1, 1, 1),
(2, 1, 1, 2),
(3, 1, 1, 3),
(4, 1, 1, 4),
(5, 1, 1, 5),
(6, 1, 1, 6),
(7, 1, 1, 7),
(8, 1, 2, 1),
(9, 1, 2, 2),
(10, 1, 2, 3),
(11, 1, 2, 4),
(12, 1, 2, 5),
(13, 1, 2, 6),
(14, 1, 2, 7),
(15, 1, 2, 8),
(16, 1, 2, 9),
(17, 1, 2, 10),
(18, 1, 2, 11),
(19, 1, 2, 12),
(20, 1, 2, 13),
(21, 1, 2, 14),
(22, 1, 2, 15),
(23, 1, 2, 16),
(24, 1, 2, 17),
(25, 1, 2, 18),
(26, 1, 2, 19),
(27, 1, 2, 20),
(28, 1, 2, 21),
(29, 1, 2, 22),
(30, 1, 2, 23),
(31, 1, 2, 24),
(32, 1, 2, 25),
(33, 1, 2, 26),
(34, 1, 2, 27),
(35, 1, 2, 28),
(36, 1, 2, 29),
(37, 1, 2, 30),
(38, 1, 2, 31),
(39, 1, 2, 32),
(40, 1, 2, 33),
(41, 1, 2, 34),
(42, 1, 2, 35),
(43, 1, 2, 36),
(44, 1, 2, 37),
(45, 1, 2, 38),
(46, 1, 2, 39),
(47, 1, 2, 40),
(48, 1, 2, 41),
(49, 1, 2, 42),
(50, 1, 2, 43),
(51, 1, 2, 44),
(52, 1, 2, 45),
(53, 1, 2, 46),
(54, 1, 2, 47),
(55, 1, 2, 48),
(56, 1, 2, 49),
(57, 1, 2, 50),
(58, 1, 2, 51),
(59, 1, 2, 52),
(60, 1, 2, 53),
(61, 1, 2, 54),
(62, 1, 2, 55),
(63, 1, 2, 56),
(64, 1, 2, 57),
(65, 1, 2, 58),
(66, 1, 2, 59),
(67, 1, 2, 60),
(68, 1, 2, 61),
(69, 1, 2, 62),
(70, 1, 2, 63),
(71, 1, 2, 64),
(72, 1, 2, 65),
(73, 1, 2, 66),
(74, 1, 2, 67),
(75, 1, 2, 68),
(76, 1, 2, 69),
(77, 1, 2, 70),
(78, 1, 2, 71),
(79, 1, 2, 72),
(80, 1, 2, 73),
(81, 1, 2, 74),
(82, 1, 2, 75),
(83, 1, 2, 76),
(84, 1, 2, 77),
(85, 1, 2, 78),
(86, 1, 2, 79),
(87, 1, 2, 80),
(88, 1, 2, 81),
(89, 1, 2, 82),
(90, 1, 2, 83),
(91, 1, 2, 84),
(92, 1, 2, 85),
(93, 1, 2, 86),
(94, 1, 2, 87),
(95, 1, 2, 88),
(96, 1, 2, 89),
(97, 1, 2, 90),
(98, 1, 2, 91),
(99, 1, 2, 92),
(100, 1, 2, 93),
(101, 1, 2, 94),
(102, 1, 2, 95),
(103, 1, 2, 96),
(104, 1, 2, 97),
(105, 1, 2, 98),
(106, 1, 2, 99),
(107, 1, 2, 100),
(108, 1, 2, 101),
(109, 1, 2, 102),
(110, 1, 2, 103),
(111, 1, 2, 104),
(112, 1, 2, 105),
(113, 1, 2, 106),
(114, 1, 2, 107),
(115, 1, 2, 108),
(116, 1, 2, 109),
(117, 1, 2, 110),
(118, 1, 2, 111),
(119, 1, 2, 112),
(120, 1, 2, 113),
(121, 1, 2, 114),
(122, 1, 2, 115),
(123, 1, 2, 116),
(124, 1, 2, 117),
(125, 1, 2, 118),
(126, 1, 2, 119),
(127, 1, 2, 120),
(128, 1, 2, 121),
(129, 1, 2, 122),
(130, 1, 2, 123),
(131, 1, 2, 124),
(132, 1, 2, 125),
(133, 1, 2, 126),
(134, 1, 2, 127),
(135, 1, 2, 128),
(136, 1, 2, 129),
(137, 1, 2, 130),
(138, 1, 2, 131),
(139, 1, 2, 132),
(140, 1, 2, 133),
(141, 1, 2, 134),
(142, 1, 2, 135),
(143, 1, 2, 136),
(144, 1, 2, 137),
(145, 1, 2, 138),
(146, 1, 2, 139),
(147, 1, 2, 140),
(148, 1, 2, 141),
(149, 2, 2, 142),
(150, 2, 2, 143),
(151, 2, 2, 144),
(152, 2, 2, 145),
(153, 2, 2, 146),
(154, 2, 2, 147),
(155, 2, 2, 148),
(156, 2, 2, 149),
(157, 2, 2, 150),
(158, 2, 2, 151),
(159, 2, 2, 152),
(160, 2, 2, 153),
(161, 2, 2, 154),
(162, 2, 2, 155),
(163, 2, 2, 156),
(164, 2, 2, 157),
(165, 2, 2, 158),
(166, 2, 2, 159),
(167, 2, 2, 160),
(168, 2, 2, 161),
(169, 2, 2, 162),
(170, 2, 2, 163),
(171, 2, 2, 164),
(172, 2, 2, 165),
(173, 2, 2, 166),
(174, 2, 2, 167),
(175, 2, 2, 168),
(176, 2, 2, 169),
(177, 2, 2, 170),
(178, 2, 2, 171),
(179, 2, 2, 172),
(180, 2, 2, 173),
(181, 2, 2, 174),
(182, 2, 2, 175),
(183, 2, 2, 176),
(184, 2, 2, 177),
(185, 2, 2, 178),
(186, 2, 2, 179),
(187, 2, 2, 180),
(188, 2, 2, 181),
(189, 2, 2, 182),
(190, 2, 2, 183),
(191, 2, 2, 184),
(192, 2, 2, 185),
(193, 2, 2, 186),
(194, 2, 2, 187),
(195, 2, 2, 188),
(196, 2, 2, 189),
(197, 2, 2, 190),
(198, 2, 2, 191),
(199, 2, 2, 192),
(200, 2, 2, 193),
(201, 2, 2, 194),
(202, 2, 2, 195),
(203, 2, 2, 196),
(204, 2, 2, 197),
(205, 2, 2, 198),
(206, 2, 2, 199),
(207, 2, 2, 200),
(208, 2, 2, 201),
(209, 2, 2, 202),
(210, 2, 2, 203),
(211, 2, 2, 204),
(212, 2, 2, 205),
(213, 2, 2, 206),
(214, 2, 2, 207),
(215, 2, 2, 208),
(216, 2, 2, 209),
(217, 2, 2, 210),
(218, 2, 2, 211),
(219, 2, 2, 212),
(220, 2, 2, 213),
(221, 2, 2, 214),
(222, 2, 2, 215),
(223, 2, 2, 216),
(224, 2, 2, 217),
(225, 2, 2, 218),
(226, 2, 2, 219),
(227, 2, 2, 220),
(228, 2, 2, 221),
(229, 2, 2, 222),
(230, 2, 2, 223),
(231, 2, 2, 224),
(232, 2, 2, 225),
(233, 2, 2, 226),
(234, 2, 2, 227),
(235, 2, 2, 228),
(236, 2, 2, 229),
(237, 2, 2, 230),
(238, 2, 2, 231),
(239, 2, 2, 232),
(240, 2, 2, 233),
(241, 2, 2, 234),
(242, 2, 2, 235),
(243, 2, 2, 236),
(244, 2, 2, 237),
(245, 2, 2, 238),
(246, 2, 2, 239),
(247, 2, 2, 240),
(248, 2, 2, 241),
(249, 2, 2, 242),
(250, 2, 2, 243),
(251, 2, 2, 244),
(252, 2, 2, 245),
(253, 2, 2, 246),
(254, 2, 2, 247),
(255, 2, 2, 248),
(256, 2, 2, 249),
(257, 2, 2, 250),
(258, 2, 2, 251),
(259, 2, 2, 252),
(260, 3, 2, 253),
(261, 3, 2, 254),
(262, 3, 2, 255),
(263, 3, 2, 256),
(264, 3, 2, 257),
(265, 3, 2, 258),
(266, 3, 2, 259),
(267, 3, 2, 260),
(268, 3, 2, 261),
(269, 3, 2, 262),
(270, 3, 2, 263),
(271, 3, 2, 264),
(272, 3, 2, 265),
(273, 3, 2, 266),
(274, 3, 2, 267),
(275, 3, 2, 268),
(276, 3, 2, 269),
(277, 3, 2, 270),
(278, 3, 2, 271),
(279, 3, 2, 272),
(280, 3, 2, 273),
(281, 3, 2, 274),
(282, 3, 2, 275),
(283, 3, 2, 276),
(284, 3, 2, 277),
(285, 3, 2, 278),
(286, 3, 2, 279),
(287, 3, 2, 280),
(288, 3, 2, 281),
(289, 3, 2, 282),
(290, 3, 2, 283),
(291, 3, 2, 284),
(292, 3, 2, 285),
(293, 3, 2, 286),
(294, 3, 3, 1),
(295, 3, 3, 2),
(296, 3, 3, 3),
(297, 3, 3, 4),
(298, 3, 3, 5),
(299, 3, 3, 6),
(300, 3, 3, 7),
(301, 3, 3, 8),
(302, 3, 3, 9),
(303, 3, 3, 10),
(304, 3, 3, 11),
(305, 3, 3, 12),
(306, 3, 3, 13),
(307, 3, 3, 14),
(308, 3, 3, 15),
(309, 3, 3, 16),
(310, 3, 3, 17),
(311, 3, 3, 18),
(312, 3, 3, 19),
(313, 3, 3, 20),
(314, 3, 3, 21),
(315, 3, 3, 22),
(316, 3, 3, 23),
(317, 3, 3, 24),
(318, 3, 3, 25),
(319, 3, 3, 26),
(320, 3, 3, 27),
(321, 3, 3, 28),
(322, 3, 3, 29),
(323, 3, 3, 30),
(324, 3, 3, 31),
(325, 3, 3, 32),
(326, 3, 3, 33),
(327, 3, 3, 34),
(328, 3, 3, 35),
(329, 3, 3, 36),
(330, 3, 3, 37),
(331, 3, 3, 38),
(332, 3, 3, 39),
(333, 3, 3, 40),
(334, 3, 3, 41),
(335, 3, 3, 42),
(336, 3, 3, 43),
(337, 3, 3, 44),
(338, 3, 3, 45),
(339, 3, 3, 46),
(340, 3, 3, 47),
(341, 3, 3, 48),
(342, 3, 3, 49),
(343, 3, 3, 50),
(344, 3, 3, 51),
(345, 3, 3, 52),
(346, 3, 3, 53),
(347, 3, 3, 54),
(348, 3, 3, 55),
(349, 3, 3, 56),
(350, 3, 3, 57),
(351, 3, 3, 58),
(352, 3, 3, 59),
(353, 3, 3, 60),
(354, 3, 3, 61),
(355, 3, 3, 62),
(356, 3, 3, 63),
(357, 3, 3, 64),
(358, 3, 3, 65),
(359, 3, 3, 66),
(360, 3, 3, 67),
(361, 3, 3, 68),
(362, 3, 3, 69),
(363, 3, 3, 70),
(364, 3, 3, 71),
(365, 3, 3, 72),
(366, 3, 3, 73),
(367, 3, 3, 74),
(368, 3, 3, 75),
(369, 3, 3, 76),
(370, 3, 3, 77),
(371, 3, 3, 78),
(372, 3, 3, 79),
(373, 3, 3, 80),
(374, 3, 3, 81),
(375, 3, 3, 82),
(376, 3, 3, 83),
(377, 3, 3, 84),
(378, 3, 3, 85),
(379, 3, 3, 86),
(380, 3, 3, 87),
(381, 3, 3, 88),
(382, 3, 3, 89),
(383, 3, 3, 90),
(384, 3, 3, 91),
(385, 3, 3, 92),
(386, 4, 3, 93),
(387, 4, 3, 94),
(388, 4, 3, 95),
(389, 4, 3, 96),
(390, 4, 3, 97),
(391, 4, 3, 98),
(392, 4, 3, 99),
(393, 4, 3, 100),
(394, 4, 3, 101),
(395, 4, 3, 102),
(396, 4, 3, 103),
(397, 4, 3, 104),
(398, 4, 3, 105),
(399, 4, 3, 106),
(400, 4, 3, 107),
(401, 4, 3, 108),
(402, 4, 3, 109),
(403, 4, 3, 110),
(404, 4, 3, 111),
(405, 4, 3, 112),
(406, 4, 3, 113),
(407, 4, 3, 114),
(408, 4, 3, 115),
(409, 4, 3, 116),
(410, 4, 3, 117),
(411, 4, 3, 118),
(412, 4, 3, 119),
(413, 4, 3, 120),
(414, 4, 3, 121),
(415, 4, 3, 122),
(416, 4, 3, 123),
(417, 4, 3, 124),
(418, 4, 3, 125),
(419, 4, 3, 126),
(420, 4, 3, 127),
(421, 4, 3, 128),
(422, 4, 3, 129),
(423, 4, 3, 130),
(424, 4, 3, 131),
(425, 4, 3, 132),
(426, 4, 3, 133),
(427, 4, 3, 134),
(428, 4, 3, 135),
(429, 4, 3, 136),
(430, 4, 3, 137),
(431, 4, 3, 138),
(432, 4, 3, 139),
(433, 4, 3, 140),
(434, 4, 3, 141),
(435, 4, 3, 142),
(436, 4, 3, 143),
(437, 4, 3, 144),
(438, 4, 3, 145),
(439, 4, 3, 146),
(440, 4, 3, 147),
(441, 4, 3, 148),
(442, 4, 3, 149),
(443, 4, 3, 150),
(444, 4, 3, 151),
(445, 4, 3, 152),
(446, 4, 3, 153),
(447, 4, 3, 154),
(448, 4, 3, 155),
(449, 4, 3, 156),
(450, 4, 3, 157),
(451, 4, 3, 158),
(452, 4, 3, 159),
(453, 4, 3, 160),
(454, 4, 3, 161),
(455, 4, 3, 162),
(456, 4, 3, 163),
(457, 4, 3, 164),
(458, 4, 3, 165),
(459, 4, 3, 166),
(460, 4, 3, 167),
(461, 4, 3, 168),
(462, 4, 3, 169),
(463, 4, 3, 170),
(464, 4, 3, 171),
(465, 4, 3, 172),
(466, 4, 3, 173),
(467, 4, 3, 174),
(468, 4, 3, 175),
(469, 4, 3, 176),
(470, 4, 3, 177),
(471, 4, 3, 178),
(472, 4, 3, 179),
(473, 4, 3, 180),
(474, 4, 3, 181),
(475, 4, 3, 182),
(476, 4, 3, 183),
(477, 4, 3, 184),
(478, 4, 3, 185),
(479, 4, 3, 186),
(480, 4, 3, 187),
(481, 4, 3, 188),
(482, 4, 3, 189),
(483, 4, 3, 190),
(484, 4, 3, 191),
(485, 4, 3, 192),
(486, 4, 3, 193),
(487, 4, 3, 194),
(488, 4, 3, 195),
(489, 4, 3, 196),
(490, 4, 3, 197),
(491, 4, 3, 198),
(492, 4, 3, 199),
(493, 4, 3, 200),
(494, 4, 4, 1),
(495, 4, 4, 2),
(496, 4, 4, 3),
(497, 4, 4, 4),
(498, 4, 4, 5),
(499, 4, 4, 6),
(500, 4, 4, 7),
(501, 4, 4, 8),
(502, 4, 4, 9),
(503, 4, 4, 10),
(504, 4, 4, 11),
(505, 4, 4, 12),
(506, 4, 4, 13),
(507, 4, 4, 14),
(508, 4, 4, 15),
(509, 4, 4, 16),
(510, 4, 4, 17),
(511, 4, 4, 18),
(512, 4, 4, 19),
(513, 4, 4, 20),
(514, 4, 4, 21),
(515, 4, 4, 22),
(516, 4, 4, 23),
(517, 5, 4, 24),
(518, 5, 4, 25),
(519, 5, 4, 26),
(520, 5, 4, 27),
(521, 5, 4, 28),
(522, 5, 4, 29),
(523, 5, 4, 30),
(524, 5, 4, 31),
(525, 5, 4, 32),
(526, 5, 4, 33),
(527, 5, 4, 34),
(528, 5, 4, 35),
(529, 5, 4, 36),
(530, 5, 4, 37),
(531, 5, 4, 38),
(532, 5, 4, 39),
(533, 5, 4, 40),
(534, 5, 4, 41),
(535, 5, 4, 42),
(536, 5, 4, 43),
(537, 5, 4, 44),
(538, 5, 4, 45),
(539, 5, 4, 46),
(540, 5, 4, 47),
(541, 5, 4, 48),
(542, 5, 4, 49),
(543, 5, 4, 50),
(544, 5, 4, 51),
(545, 5, 4, 52),
(546, 5, 4, 53),
(547, 5, 4, 54),
(548, 5, 4, 55),
(549, 5, 4, 56),
(550, 5, 4, 57),
(551, 5, 4, 58),
(552, 5, 4, 59),
(553, 5, 4, 60),
(554, 5, 4, 61),
(555, 5, 4, 62),
(556, 5, 4, 63),
(557, 5, 4, 64),
(558, 5, 4, 65),
(559, 5, 4, 66),
(560, 5, 4, 67),
(561, 5, 4, 68),
(562, 5, 4, 69),
(563, 5, 4, 70),
(564, 5, 4, 71),
(565, 5, 4, 72),
(566, 5, 4, 73),
(567, 5, 4, 74),
(568, 5, 4, 75),
(569, 5, 4, 76),
(570, 5, 4, 77),
(571, 5, 4, 78),
(572, 5, 4, 79),
(573, 5, 4, 80),
(574, 5, 4, 81),
(575, 5, 4, 82),
(576, 5, 4, 83),
(577, 5, 4, 84),
(578, 5, 4, 85),
(579, 5, 4, 86),
(580, 5, 4, 87),
(581, 5, 4, 88),
(582, 5, 4, 89),
(583, 5, 4, 90),
(584, 5, 4, 91),
(585, 5, 4, 92),
(586, 5, 4, 93),
(587, 5, 4, 94),
(588, 5, 4, 95),
(589, 5, 4, 96),
(590, 5, 4, 97),
(591, 5, 4, 98),
(592, 5, 4, 99),
(593, 5, 4, 100),
(594, 5, 4, 101),
(595, 5, 4, 102),
(596, 5, 4, 103),
(597, 5, 4, 104),
(598, 5, 4, 105),
(599, 5, 4, 106),
(600, 5, 4, 107),
(601, 5, 4, 108),
(602, 5, 4, 109),
(603, 5, 4, 110),
(604, 5, 4, 111),
(605, 5, 4, 112),
(606, 5, 4, 113),
(607, 5, 4, 114),
(608, 5, 4, 115),
(609, 5, 4, 116),
(610, 5, 4, 117),
(611, 5, 4, 118),
(612, 5, 4, 119),
(613, 5, 4, 120),
(614, 5, 4, 121),
(615, 5, 4, 122),
(616, 5, 4, 123),
(617, 5, 4, 124),
(618, 5, 4, 125),
(619, 5, 4, 126),
(620, 5, 4, 127),
(621, 5, 4, 128),
(622, 5, 4, 129),
(623, 5, 4, 130),
(624, 5, 4, 131),
(625, 5, 4, 132),
(626, 5, 4, 133),
(627, 5, 4, 134),
(628, 5, 4, 135),
(629, 5, 4, 136),
(630, 5, 4, 137),
(631, 5, 4, 138),
(632, 5, 4, 139),
(633, 5, 4, 140),
(634, 5, 4, 141),
(635, 5, 4, 142),
(636, 5, 4, 143),
(637, 5, 4, 144),
(638, 5, 4, 145),
(639, 5, 4, 146),
(640, 5, 4, 147),
(641, 6, 4, 148),
(642, 6, 4, 149),
(643, 6, 4, 150),
(644, 6, 4, 151),
(645, 6, 4, 152),
(646, 6, 4, 153),
(647, 6, 4, 154),
(648, 6, 4, 155),
(649, 6, 4, 156),
(650, 6, 4, 157),
(651, 6, 4, 158),
(652, 6, 4, 159),
(653, 6, 4, 160),
(654, 6, 4, 161),
(655, 6, 4, 162),
(656, 6, 4, 163),
(657, 6, 4, 164),
(658, 6, 4, 165),
(659, 6, 4, 166),
(660, 6, 4, 167),
(661, 6, 4, 168),
(662, 6, 4, 169),
(663, 6, 4, 170),
(664, 6, 4, 171),
(665, 6, 4, 172),
(666, 6, 4, 173),
(667, 6, 4, 174),
(668, 6, 4, 175),
(669, 6, 4, 176),
(670, 6, 5, 1),
(671, 6, 5, 2),
(672, 6, 5, 3),
(673, 6, 5, 4),
(674, 6, 5, 5),
(675, 6, 5, 6),
(676, 6, 5, 7),
(677, 6, 5, 8),
(678, 6, 5, 9),
(679, 6, 5, 10),
(680, 6, 5, 11),
(681, 6, 5, 12),
(682, 6, 5, 13),
(683, 6, 5, 14),
(684, 6, 5, 15),
(685, 6, 5, 16),
(686, 6, 5, 17),
(687, 6, 5, 18),
(688, 6, 5, 19),
(689, 6, 5, 20),
(690, 6, 5, 21),
(691, 6, 5, 22),
(692, 6, 5, 23),
(693, 6, 5, 24),
(694, 6, 5, 25),
(695, 6, 5, 26),
(696, 6, 5, 27),
(697, 6, 5, 28),
(698, 6, 5, 29),
(699, 6, 5, 30),
(700, 6, 5, 31),
(701, 6, 5, 32),
(702, 6, 5, 33),
(703, 6, 5, 34),
(704, 6, 5, 35),
(705, 6, 5, 36),
(706, 6, 5, 37),
(707, 6, 5, 38),
(708, 6, 5, 39),
(709, 6, 5, 40),
(710, 6, 5, 41),
(711, 6, 5, 42),
(712, 6, 5, 43),
(713, 6, 5, 44),
(714, 6, 5, 45),
(715, 6, 5, 46),
(716, 6, 5, 47),
(717, 6, 5, 48),
(718, 6, 5, 49),
(719, 6, 5, 50),
(720, 6, 5, 51),
(721, 6, 5, 52),
(722, 6, 5, 53),
(723, 6, 5, 54),
(724, 6, 5, 55),
(725, 6, 5, 56),
(726, 6, 5, 57),
(727, 6, 5, 58),
(728, 6, 5, 59),
(729, 6, 5, 60),
(730, 6, 5, 61),
(731, 6, 5, 62),
(732, 6, 5, 63),
(733, 6, 5, 64),
(734, 6, 5, 65),
(735, 6, 5, 66),
(736, 6, 5, 67),
(737, 6, 5, 68),
(738, 6, 5, 69),
(739, 6, 5, 70),
(740, 6, 5, 71),
(741, 6, 5, 72),
(742, 6, 5, 73),
(743, 6, 5, 74),
(744, 6, 5, 75),
(745, 6, 5, 76),
(746, 6, 5, 77),
(747, 6, 5, 78),
(748, 6, 5, 79),
(749, 6, 5, 80),
(750, 6, 5, 81),
(751, 7, 5, 82),
(752, 7, 5, 83),
(753, 7, 5, 84),
(754, 7, 5, 85),
(755, 7, 5, 86),
(756, 7, 5, 87),
(757, 7, 5, 88),
(758, 7, 5, 89),
(759, 7, 5, 90),
(760, 7, 5, 91),
(761, 7, 5, 92),
(762, 7, 5, 93),
(763, 7, 5, 94),
(764, 7, 5, 95),
(765, 7, 5, 96),
(766, 7, 5, 97),
(767, 7, 5, 98),
(768, 7, 5, 99),
(769, 7, 5, 100),
(770, 7, 5, 101),
(771, 7, 5, 102),
(772, 7, 5, 103),
(773, 7, 5, 104),
(774, 7, 5, 105),
(775, 7, 5, 106),
(776, 7, 5, 107),
(777, 7, 5, 108),
(778, 7, 5, 109),
(779, 7, 5, 110),
(780, 7, 5, 111),
(781, 7, 5, 112),
(782, 7, 5, 113),
(783, 7, 5, 114),
(784, 7, 5, 115),
(785, 7, 5, 116),
(786, 7, 5, 117),
(787, 7, 5, 118),
(788, 7, 5, 119),
(789, 7, 5, 120),
(790, 7, 6, 1),
(791, 7, 6, 2),
(792, 7, 6, 3),
(793, 7, 6, 4),
(794, 7, 6, 5),
(795, 7, 6, 6),
(796, 7, 6, 7),
(797, 7, 6, 8),
(798, 7, 6, 9),
(799, 7, 6, 10),
(800, 7, 6, 11),
(801, 7, 6, 12),
(802, 7, 6, 13),
(803, 7, 6, 14),
(804, 7, 6, 15),
(805, 7, 6, 16),
(806, 7, 6, 17),
(807, 7, 6, 18),
(808, 7, 6, 19),
(809, 7, 6, 20),
(810, 7, 6, 21),
(811, 7, 6, 22),
(812, 7, 6, 23),
(813, 7, 6, 24),
(814, 7, 6, 25),
(815, 7, 6, 26),
(816, 7, 6, 27),
(817, 7, 6, 28),
(818, 7, 6, 29),
(819, 7, 6, 30),
(820, 7, 6, 31),
(821, 7, 6, 32),
(822, 7, 6, 33),
(823, 7, 6, 34),
(824, 7, 6, 35),
(825, 7, 6, 36),
(826, 7, 6, 37),
(827, 7, 6, 38),
(828, 7, 6, 39),
(829, 7, 6, 40),
(830, 7, 6, 41),
(831, 7, 6, 42),
(832, 7, 6, 43),
(833, 7, 6, 44),
(834, 7, 6, 45),
(835, 7, 6, 46),
(836, 7, 6, 47),
(837, 7, 6, 48),
(838, 7, 6, 49),
(839, 7, 6, 50),
(840, 7, 6, 51),
(841, 7, 6, 52),
(842, 7, 6, 53),
(843, 7, 6, 54),
(844, 7, 6, 55),
(845, 7, 6, 56),
(846, 7, 6, 57),
(847, 7, 6, 58),
(848, 7, 6, 59),
(849, 7, 6, 60),
(850, 7, 6, 61),
(851, 7, 6, 62),
(852, 7, 6, 63),
(853, 7, 6, 64),
(854, 7, 6, 65),
(855, 7, 6, 66),
(856, 7, 6, 67),
(857, 7, 6, 68),
(858, 7, 6, 69),
(859, 7, 6, 70),
(860, 7, 6, 71),
(861, 7, 6, 72),
(862, 7, 6, 73),
(863, 7, 6, 74),
(864, 7, 6, 75),
(865, 7, 6, 76),
(866, 7, 6, 77),
(867, 7, 6, 78),
(868, 7, 6, 79),
(869, 7, 6, 80),
(870, 7, 6, 81),
(871, 7, 6, 82),
(872, 7, 6, 83),
(873, 7, 6, 84),
(874, 7, 6, 85),
(875, 7, 6, 86),
(876, 7, 6, 87),
(877, 7, 6, 88),
(878, 7, 6, 89),
(879, 7, 6, 90),
(880, 7, 6, 91),
(881, 7, 6, 92),
(882, 7, 6, 93),
(883, 7, 6, 94),
(884, 7, 6, 95),
(885, 7, 6, 96),
(886, 7, 6, 97),
(887, 7, 6, 98),
(888, 7, 6, 99),
(889, 7, 6, 100),
(890, 7, 6, 101),
(891, 7, 6, 102),
(892, 7, 6, 103),
(893, 7, 6, 104),
(894, 7, 6, 105),
(895, 7, 6, 106),
(896, 7, 6, 107),
(897, 7, 6, 108),
(898, 7, 6, 109),
(899, 7, 6, 110),
(900, 8, 6, 111),
(901, 8, 6, 112),
(902, 8, 6, 113),
(903, 8, 6, 114),
(904, 8, 6, 115),
(905, 8, 6, 116),
(906, 8, 6, 117),
(907, 8, 6, 118),
(908, 8, 6, 119),
(909, 8, 6, 120),
(910, 8, 6, 121),
(911, 8, 6, 122),
(912, 8, 6, 123),
(913, 8, 6, 124),
(914, 8, 6, 125),
(915, 8, 6, 126),
(916, 8, 6, 127),
(917, 8, 6, 128),
(918, 8, 6, 129),
(919, 8, 6, 130),
(920, 8, 6, 131),
(921, 8, 6, 132),
(922, 8, 6, 133),
(923, 8, 6, 134),
(924, 8, 6, 135),
(925, 8, 6, 136),
(926, 8, 6, 137),
(927, 8, 6, 138),
(928, 8, 6, 139),
(929, 8, 6, 140),
(930, 8, 6, 141),
(931, 8, 6, 142),
(932, 8, 6, 143),
(933, 8, 6, 144),
(934, 8, 6, 145),
(935, 8, 6, 146),
(936, 8, 6, 147),
(937, 8, 6, 148),
(938, 8, 6, 149),
(939, 8, 6, 150),
(940, 8, 6, 151),
(941, 8, 6, 152),
(942, 8, 6, 153),
(943, 8, 6, 154),
(944, 8, 6, 155),
(945, 8, 6, 156),
(946, 8, 6, 157),
(947, 8, 6, 158),
(948, 8, 6, 159),
(949, 8, 6, 160),
(950, 8, 6, 161),
(951, 8, 6, 162),
(952, 8, 6, 163),
(953, 8, 6, 164),
(954, 8, 6, 165),
(955, 8, 7, 1),
(956, 8, 7, 2),
(957, 8, 7, 3),
(958, 8, 7, 4),
(959, 8, 7, 5),
(960, 8, 7, 6),
(961, 8, 7, 7),
(962, 8, 7, 8),
(963, 8, 7, 9),
(964, 8, 7, 10),
(965, 8, 7, 11),
(966, 8, 7, 12),
(967, 8, 7, 13),
(968, 8, 7, 14),
(969, 8, 7, 15),
(970, 8, 7, 16),
(971, 8, 7, 17),
(972, 8, 7, 18),
(973, 8, 7, 19),
(974, 8, 7, 20),
(975, 8, 7, 21),
(976, 8, 7, 22),
(977, 8, 7, 23),
(978, 8, 7, 24),
(979, 8, 7, 25),
(980, 8, 7, 26),
(981, 8, 7, 27),
(982, 8, 7, 28),
(983, 8, 7, 29),
(984, 8, 7, 30),
(985, 8, 7, 31),
(986, 8, 7, 32),
(987, 8, 7, 33),
(988, 8, 7, 34),
(989, 8, 7, 35),
(990, 8, 7, 36),
(991, 8, 7, 37),
(992, 8, 7, 38),
(993, 8, 7, 39),
(994, 8, 7, 40),
(995, 8, 7, 41),
(996, 8, 7, 42),
(997, 8, 7, 43),
(998, 8, 7, 44),
(999, 8, 7, 45),
(1000, 8, 7, 46),
(1001, 8, 7, 47),
(1002, 8, 7, 48),
(1003, 8, 7, 49),
(1004, 8, 7, 50),
(1005, 8, 7, 51),
(1006, 8, 7, 52),
(1007, 8, 7, 53),
(1008, 8, 7, 54),
(1009, 8, 7, 55),
(1010, 8, 7, 56),
(1011, 8, 7, 57),
(1012, 8, 7, 58),
(1013, 8, 7, 59),
(1014, 8, 7, 60),
(1015, 8, 7, 61),
(1016, 8, 7, 62),
(1017, 8, 7, 63),
(1018, 8, 7, 64),
(1019, 8, 7, 65),
(1020, 8, 7, 66),
(1021, 8, 7, 67),
(1022, 8, 7, 68),
(1023, 8, 7, 69),
(1024, 8, 7, 70),
(1025, 8, 7, 71),
(1026, 8, 7, 72),
(1027, 8, 7, 73),
(1028, 8, 7, 74),
(1029, 8, 7, 75),
(1030, 8, 7, 76),
(1031, 8, 7, 77),
(1032, 8, 7, 78),
(1033, 8, 7, 79),
(1034, 8, 7, 80),
(1035, 8, 7, 81),
(1036, 8, 7, 82),
(1037, 8, 7, 83),
(1038, 8, 7, 84),
(1039, 8, 7, 85),
(1040, 8, 7, 86),
(1041, 8, 7, 87),
(1042, 9, 7, 88),
(1043, 9, 7, 89),
(1044, 9, 7, 90),
(1045, 9, 7, 91),
(1046, 9, 7, 92),
(1047, 9, 7, 93),
(1048, 9, 7, 94),
(1049, 9, 7, 95),
(1050, 9, 7, 96),
(1051, 9, 7, 97),
(1052, 9, 7, 98),
(1053, 9, 7, 99),
(1054, 9, 7, 100),
(1055, 9, 7, 101),
(1056, 9, 7, 102),
(1057, 9, 7, 103),
(1058, 9, 7, 104),
(1059, 9, 7, 105),
(1060, 9, 7, 106),
(1061, 9, 7, 107),
(1062, 9, 7, 108),
(1063, 9, 7, 109),
(1064, 9, 7, 110),
(1065, 9, 7, 111),
(1066, 9, 7, 112),
(1067, 9, 7, 113),
(1068, 9, 7, 114),
(1069, 9, 7, 115),
(1070, 9, 7, 116),
(1071, 9, 7, 117),
(1072, 9, 7, 118),
(1073, 9, 7, 119),
(1074, 9, 7, 120),
(1075, 9, 7, 121),
(1076, 9, 7, 122),
(1077, 9, 7, 123),
(1078, 9, 7, 124),
(1079, 9, 7, 125),
(1080, 9, 7, 126),
(1081, 9, 7, 127),
(1082, 9, 7, 128),
(1083, 9, 7, 129),
(1084, 9, 7, 130),
(1085, 9, 7, 131),
(1086, 9, 7, 132),
(1087, 9, 7, 133),
(1088, 9, 7, 134),
(1089, 9, 7, 135),
(1090, 9, 7, 136),
(1091, 9, 7, 137),
(1092, 9, 7, 138),
(1093, 9, 7, 139),
(1094, 9, 7, 140),
(1095, 9, 7, 141),
(1096, 9, 7, 142),
(1097, 9, 7, 143),
(1098, 9, 7, 144),
(1099, 9, 7, 145),
(1100, 9, 7, 146),
(1101, 9, 7, 147),
(1102, 9, 7, 148),
(1103, 9, 7, 149),
(1104, 9, 7, 150),
(1105, 9, 7, 151),
(1106, 9, 7, 152),
(1107, 9, 7, 153),
(1108, 9, 7, 154),
(1109, 9, 7, 155),
(1110, 9, 7, 156),
(1111, 9, 7, 157),
(1112, 9, 7, 158),
(1113, 9, 7, 159),
(1114, 9, 7, 160),
(1115, 9, 7, 161),
(1116, 9, 7, 162),
(1117, 9, 7, 163),
(1118, 9, 7, 164),
(1119, 9, 7, 165),
(1120, 9, 7, 166),
(1121, 9, 7, 167),
(1122, 9, 7, 168),
(1123, 9, 7, 169),
(1124, 9, 7, 170),
(1125, 9, 7, 171),
(1126, 9, 7, 172),
(1127, 9, 7, 173),
(1128, 9, 7, 174),
(1129, 9, 7, 175),
(1130, 9, 7, 176),
(1131, 9, 7, 177),
(1132, 9, 7, 178),
(1133, 9, 7, 179),
(1134, 9, 7, 180),
(1135, 9, 7, 181),
(1136, 9, 7, 182),
(1137, 9, 7, 183),
(1138, 9, 7, 184),
(1139, 9, 7, 185),
(1140, 9, 7, 186),
(1141, 9, 7, 187),
(1142, 9, 7, 188),
(1143, 9, 7, 189),
(1144, 9, 7, 190),
(1145, 9, 7, 191),
(1146, 9, 7, 192),
(1147, 9, 7, 193),
(1148, 9, 7, 194),
(1149, 9, 7, 195),
(1150, 9, 7, 196),
(1151, 9, 7, 197),
(1152, 9, 7, 198),
(1153, 9, 7, 199),
(1154, 9, 7, 200),
(1155, 9, 7, 201),
(1156, 9, 7, 202),
(1157, 9, 7, 203),
(1158, 9, 7, 204),
(1159, 9, 7, 205),
(1160, 9, 7, 206),
(1161, 9, 8, 1),
(1162, 9, 8, 2),
(1163, 9, 8, 3),
(1164, 9, 8, 4),
(1165, 9, 8, 5),
(1166, 9, 8, 6),
(1167, 9, 8, 7),
(1168, 9, 8, 8),
(1169, 9, 8, 9),
(1170, 9, 8, 10),
(1171, 9, 8, 11),
(1172, 9, 8, 12),
(1173, 9, 8, 13),
(1174, 9, 8, 14),
(1175, 9, 8, 15),
(1176, 9, 8, 16),
(1177, 9, 8, 17),
(1178, 9, 8, 18),
(1179, 9, 8, 19),
(1180, 9, 8, 20),
(1181, 9, 8, 21),
(1182, 9, 8, 22),
(1183, 9, 8, 23),
(1184, 9, 8, 24),
(1185, 9, 8, 25),
(1186, 9, 8, 26),
(1187, 9, 8, 27),
(1188, 9, 8, 28),
(1189, 9, 8, 29),
(1190, 9, 8, 30),
(1191, 9, 8, 31),
(1192, 9, 8, 32),
(1193, 9, 8, 33),
(1194, 9, 8, 34),
(1195, 9, 8, 35),
(1196, 9, 8, 36),
(1197, 9, 8, 37),
(1198, 9, 8, 38),
(1199, 9, 8, 39),
(1200, 9, 8, 40),
(1201, 10, 8, 41),
(1202, 10, 8, 42),
(1203, 10, 8, 43),
(1204, 10, 8, 44),
(1205, 10, 8, 45),
(1206, 10, 8, 46),
(1207, 10, 8, 47),
(1208, 10, 8, 48),
(1209, 10, 8, 49),
(1210, 10, 8, 50),
(1211, 10, 8, 51),
(1212, 10, 8, 52),
(1213, 10, 8, 53),
(1214, 10, 8, 54),
(1215, 10, 8, 55),
(1216, 10, 8, 56),
(1217, 10, 8, 57),
(1218, 10, 8, 58),
(1219, 10, 8, 59),
(1220, 10, 8, 60),
(1221, 10, 8, 61),
(1222, 10, 8, 62),
(1223, 10, 8, 63),
(1224, 10, 8, 64),
(1225, 10, 8, 65),
(1226, 10, 8, 66),
(1227, 10, 8, 67),
(1228, 10, 8, 68),
(1229, 10, 8, 69),
(1230, 10, 8, 70),
(1231, 10, 8, 71),
(1232, 10, 8, 72),
(1233, 10, 8, 73),
(1234, 10, 8, 74),
(1235, 10, 8, 75),
(1236, 10, 9, 1),
(1237, 10, 9, 2),
(1238, 10, 9, 3),
(1239, 10, 9, 4),
(1240, 10, 9, 5),
(1241, 10, 9, 6),
(1242, 10, 9, 7),
(1243, 10, 9, 8),
(1244, 10, 9, 9),
(1245, 10, 9, 10),
(1246, 10, 9, 11),
(1247, 10, 9, 12),
(1248, 10, 9, 13),
(1249, 10, 9, 14),
(1250, 10, 9, 15),
(1251, 10, 9, 16),
(1252, 10, 9, 17),
(1253, 10, 9, 18),
(1254, 10, 9, 19),
(1255, 10, 9, 20),
(1256, 10, 9, 21),
(1257, 10, 9, 22),
(1258, 10, 9, 23),
(1259, 10, 9, 24),
(1260, 10, 9, 25),
(1261, 10, 9, 26),
(1262, 10, 9, 27),
(1263, 10, 9, 28),
(1264, 10, 9, 29),
(1265, 10, 9, 30),
(1266, 10, 9, 31),
(1267, 10, 9, 32),
(1268, 10, 9, 33),
(1269, 10, 9, 34),
(1270, 10, 9, 35),
(1271, 10, 9, 36),
(1272, 10, 9, 37),
(1273, 10, 9, 38),
(1274, 10, 9, 39),
(1275, 10, 9, 40),
(1276, 10, 9, 41),
(1277, 10, 9, 42),
(1278, 10, 9, 43),
(1279, 10, 9, 44),
(1280, 10, 9, 45),
(1281, 10, 9, 46),
(1282, 10, 9, 47),
(1283, 10, 9, 48),
(1284, 10, 9, 49),
(1285, 10, 9, 50),
(1286, 10, 9, 51),
(1287, 10, 9, 52),
(1288, 10, 9, 53),
(1289, 10, 9, 54),
(1290, 10, 9, 55),
(1291, 10, 9, 56),
(1292, 10, 9, 57),
(1293, 10, 9, 58),
(1294, 10, 9, 59),
(1295, 10, 9, 60),
(1296, 10, 9, 61),
(1297, 10, 9, 62),
(1298, 10, 9, 63),
(1299, 10, 9, 64),
(1300, 10, 9, 65),
(1301, 10, 9, 66),
(1302, 10, 9, 67),
(1303, 10, 9, 68),
(1304, 10, 9, 69),
(1305, 10, 9, 70),
(1306, 10, 9, 71),
(1307, 10, 9, 72),
(1308, 10, 9, 73),
(1309, 10, 9, 74),
(1310, 10, 9, 75),
(1311, 10, 9, 76),
(1312, 10, 9, 77),
(1313, 10, 9, 78),
(1314, 10, 9, 79),
(1315, 10, 9, 80),
(1316, 10, 9, 81),
(1317, 10, 9, 82),
(1318, 10, 9, 83),
(1319, 10, 9, 84),
(1320, 10, 9, 85),
(1321, 10, 9, 86),
(1322, 10, 9, 87),
(1323, 10, 9, 88),
(1324, 10, 9, 89),
(1325, 10, 9, 90),
(1326, 10, 9, 91),
(1327, 10, 9, 92),
(1328, 11, 9, 93),
(1329, 11, 9, 94),
(1330, 11, 9, 95),
(1331, 11, 9, 96),
(1332, 11, 9, 97),
(1333, 11, 9, 98),
(1334, 11, 9, 99),
(1335, 11, 9, 100),
(1336, 11, 9, 101),
(1337, 11, 9, 102),
(1338, 11, 9, 103),
(1339, 11, 9, 104),
(1340, 11, 9, 105),
(1341, 11, 9, 106),
(1342, 11, 9, 107),
(1343, 11, 9, 108),
(1344, 11, 9, 109),
(1345, 11, 9, 110),
(1346, 11, 9, 111),
(1347, 11, 9, 112),
(1348, 11, 9, 113),
(1349, 11, 9, 114),
(1350, 11, 9, 115),
(1351, 11, 9, 116),
(1352, 11, 9, 117),
(1353, 11, 9, 118),
(1354, 11, 9, 119),
(1355, 11, 9, 120),
(1356, 11, 9, 121),
(1357, 11, 9, 122),
(1358, 11, 9, 123),
(1359, 11, 9, 124),
(1360, 11, 9, 125),
(1361, 11, 9, 126),
(1362, 11, 9, 127),
(1363, 11, 9, 128),
(1364, 11, 9, 129),
(1365, 11, 10, 1),
(1366, 11, 10, 2),
(1367, 11, 10, 3),
(1368, 11, 10, 4),
(1369, 11, 10, 5),
(1370, 11, 10, 6),
(1371, 11, 10, 7),
(1372, 11, 10, 8),
(1373, 11, 10, 9),
(1374, 11, 10, 10),
(1375, 11, 10, 11),
(1376, 11, 10, 12),
(1377, 11, 10, 13),
(1378, 11, 10, 14),
(1379, 11, 10, 15),
(1380, 11, 10, 16),
(1381, 11, 10, 17),
(1382, 11, 10, 18),
(1383, 11, 10, 19),
(1384, 11, 10, 20),
(1385, 11, 10, 21),
(1386, 11, 10, 22),
(1387, 11, 10, 23),
(1388, 11, 10, 24),
(1389, 11, 10, 25),
(1390, 11, 10, 26),
(1391, 11, 10, 27),
(1392, 11, 10, 28),
(1393, 11, 10, 29),
(1394, 11, 10, 30),
(1395, 11, 10, 31),
(1396, 11, 10, 32),
(1397, 11, 10, 33),
(1398, 11, 10, 34),
(1399, 11, 10, 35),
(1400, 11, 10, 36),
(1401, 11, 10, 37),
(1402, 11, 10, 38),
(1403, 11, 10, 39),
(1404, 11, 10, 40),
(1405, 11, 10, 41),
(1406, 11, 10, 42),
(1407, 11, 10, 43),
(1408, 11, 10, 44),
(1409, 11, 10, 45),
(1410, 11, 10, 46),
(1411, 11, 10, 47),
(1412, 11, 10, 48),
(1413, 11, 10, 49),
(1414, 11, 10, 50),
(1415, 11, 10, 51),
(1416, 11, 10, 52),
(1417, 11, 10, 53),
(1418, 11, 10, 54),
(1419, 11, 10, 55),
(1420, 11, 10, 56),
(1421, 11, 10, 57),
(1422, 11, 10, 58),
(1423, 11, 10, 59),
(1424, 11, 10, 60),
(1425, 11, 10, 61),
(1426, 11, 10, 62),
(1427, 11, 10, 63),
(1428, 11, 10, 64),
(1429, 11, 10, 65),
(1430, 11, 10, 66),
(1431, 11, 10, 67),
(1432, 11, 10, 68),
(1433, 11, 10, 69),
(1434, 11, 10, 70),
(1435, 11, 10, 71),
(1436, 11, 10, 72),
(1437, 11, 10, 73),
(1438, 11, 10, 74),
(1439, 11, 10, 75),
(1440, 11, 10, 76),
(1441, 11, 10, 77),
(1442, 11, 10, 78),
(1443, 11, 10, 79),
(1444, 11, 10, 80),
(1445, 11, 10, 81),
(1446, 11, 10, 82),
(1447, 11, 10, 83),
(1448, 11, 10, 84),
(1449, 11, 10, 85),
(1450, 11, 10, 86),
(1451, 11, 10, 87),
(1452, 11, 10, 88),
(1453, 11, 10, 89),
(1454, 11, 10, 90),
(1455, 11, 10, 91),
(1456, 11, 10, 92),
(1457, 11, 10, 93),
(1458, 11, 10, 94),
(1459, 11, 10, 95),
(1460, 11, 10, 96),
(1461, 11, 10, 97),
(1462, 11, 10, 98),
(1463, 11, 10, 99),
(1464, 11, 10, 100),
(1465, 11, 10, 101),
(1466, 11, 10, 102),
(1467, 11, 10, 103),
(1468, 11, 10, 104),
(1469, 11, 10, 105),
(1470, 11, 10, 106),
(1471, 11, 10, 107),
(1472, 11, 10, 108),
(1473, 11, 10, 109),
(1474, 11, 11, 1),
(1475, 11, 11, 2),
(1476, 11, 11, 3),
(1477, 11, 11, 4),
(1478, 11, 11, 5),
(1479, 12, 11, 6),
(1480, 12, 11, 7),
(1481, 12, 11, 8),
(1482, 12, 11, 9),
(1483, 12, 11, 10),
(1484, 12, 11, 11),
(1485, 12, 11, 12),
(1486, 12, 11, 13),
(1487, 12, 11, 14),
(1488, 12, 11, 15),
(1489, 12, 11, 16),
(1490, 12, 11, 17),
(1491, 12, 11, 18),
(1492, 12, 11, 19),
(1493, 12, 11, 20),
(1494, 12, 11, 21),
(1495, 12, 11, 22),
(1496, 12, 11, 23),
(1497, 12, 11, 24),
(1498, 12, 11, 25),
(1499, 12, 11, 26),
(1500, 12, 11, 27),
(1501, 12, 11, 28),
(1502, 12, 11, 29),
(1503, 12, 11, 30),
(1504, 12, 11, 31),
(1505, 12, 11, 32),
(1506, 12, 11, 33),
(1507, 12, 11, 34),
(1508, 12, 11, 35),
(1509, 12, 11, 36),
(1510, 12, 11, 37),
(1511, 12, 11, 38),
(1512, 12, 11, 39),
(1513, 12, 11, 40),
(1514, 12, 11, 41),
(1515, 12, 11, 42),
(1516, 12, 11, 43),
(1517, 12, 11, 44),
(1518, 12, 11, 45),
(1519, 12, 11, 46),
(1520, 12, 11, 47),
(1521, 12, 11, 48),
(1522, 12, 11, 49),
(1523, 12, 11, 50),
(1524, 12, 11, 51),
(1525, 12, 11, 52),
(1526, 12, 11, 53),
(1527, 12, 11, 54),
(1528, 12, 11, 55),
(1529, 12, 11, 56),
(1530, 12, 11, 57),
(1531, 12, 11, 58),
(1532, 12, 11, 59),
(1533, 12, 11, 60),
(1534, 12, 11, 61),
(1535, 12, 11, 62),
(1536, 12, 11, 63),
(1537, 12, 11, 64),
(1538, 12, 11, 65),
(1539, 12, 11, 66),
(1540, 12, 11, 67),
(1541, 12, 11, 68),
(1542, 12, 11, 69),
(1543, 12, 11, 70),
(1544, 12, 11, 71),
(1545, 12, 11, 72),
(1546, 12, 11, 73),
(1547, 12, 11, 74),
(1548, 12, 11, 75),
(1549, 12, 11, 76),
(1550, 12, 11, 77),
(1551, 12, 11, 78),
(1552, 12, 11, 79),
(1553, 12, 11, 80),
(1554, 12, 11, 81),
(1555, 12, 11, 82),
(1556, 12, 11, 83),
(1557, 12, 11, 84),
(1558, 12, 11, 85),
(1559, 12, 11, 86),
(1560, 12, 11, 87),
(1561, 12, 11, 88),
(1562, 12, 11, 89),
(1563, 12, 11, 90),
(1564, 12, 11, 91),
(1565, 12, 11, 92),
(1566, 12, 11, 93),
(1567, 12, 11, 94),
(1568, 12, 11, 95),
(1569, 12, 11, 96),
(1570, 12, 11, 97),
(1571, 12, 11, 98),
(1572, 12, 11, 99),
(1573, 12, 11, 100),
(1574, 12, 11, 101),
(1575, 12, 11, 102),
(1576, 12, 11, 103),
(1577, 12, 11, 104),
(1578, 12, 11, 105),
(1579, 12, 11, 106),
(1580, 12, 11, 107),
(1581, 12, 11, 108),
(1582, 12, 11, 109),
(1583, 12, 11, 110),
(1584, 12, 11, 111),
(1585, 12, 11, 112),
(1586, 12, 11, 113),
(1587, 12, 11, 114),
(1588, 12, 11, 115),
(1589, 12, 11, 116),
(1590, 12, 11, 117),
(1591, 12, 11, 118),
(1592, 12, 11, 119),
(1593, 12, 11, 120),
(1594, 12, 11, 121),
(1595, 12, 11, 122),
(1596, 12, 11, 123),
(1597, 12, 12, 1),
(1598, 12, 12, 2),
(1599, 12, 12, 3),
(1600, 12, 12, 4),
(1601, 12, 12, 5),
(1602, 12, 12, 6),
(1603, 12, 12, 7),
(1604, 12, 12, 8),
(1605, 12, 12, 9),
(1606, 12, 12, 10),
(1607, 12, 12, 11),
(1608, 12, 12, 12),
(1609, 12, 12, 13),
(1610, 12, 12, 14),
(1611, 12, 12, 15),
(1612, 12, 12, 16),
(1613, 12, 12, 17),
(1614, 12, 12, 18),
(1615, 12, 12, 19),
(1616, 12, 12, 20),
(1617, 12, 12, 21),
(1618, 12, 12, 22),
(1619, 12, 12, 23),
(1620, 12, 12, 24),
(1621, 12, 12, 25),
(1622, 12, 12, 26),
(1623, 12, 12, 27),
(1624, 12, 12, 28),
(1625, 12, 12, 29),
(1626, 12, 12, 30),
(1627, 12, 12, 31),
(1628, 12, 12, 32),
(1629, 12, 12, 33),
(1630, 12, 12, 34),
(1631, 12, 12, 35),
(1632, 12, 12, 36),
(1633, 12, 12, 37),
(1634, 12, 12, 38),
(1635, 12, 12, 39),
(1636, 12, 12, 40),
(1637, 12, 12, 41),
(1638, 12, 12, 42),
(1639, 12, 12, 43),
(1640, 12, 12, 44),
(1641, 12, 12, 45),
(1642, 12, 12, 46),
(1643, 12, 12, 47),
(1644, 12, 12, 48),
(1645, 12, 12, 49),
(1646, 12, 12, 50),
(1647, 12, 12, 51),
(1648, 12, 12, 52),
(1649, 13, 12, 53),
(1650, 13, 12, 54),
(1651, 13, 12, 55),
(1652, 13, 12, 56),
(1653, 13, 12, 57),
(1654, 13, 12, 58),
(1655, 13, 12, 59),
(1656, 13, 12, 60),
(1657, 13, 12, 61),
(1658, 13, 12, 62),
(1659, 13, 12, 63),
(1660, 13, 12, 64),
(1661, 13, 12, 65),
(1662, 13, 12, 66),
(1663, 13, 12, 67),
(1664, 13, 12, 68),
(1665, 13, 12, 69),
(1666, 13, 12, 70),
(1667, 13, 12, 71),
(1668, 13, 12, 72),
(1669, 13, 12, 73),
(1670, 13, 12, 74),
(1671, 13, 12, 75),
(1672, 13, 12, 76),
(1673, 13, 12, 77),
(1674, 13, 12, 78),
(1675, 13, 12, 79),
(1676, 13, 12, 80),
(1677, 13, 12, 81),
(1678, 13, 12, 82),
(1679, 13, 12, 83),
(1680, 13, 12, 84),
(1681, 13, 12, 85),
(1682, 13, 12, 86),
(1683, 13, 12, 87),
(1684, 13, 12, 88),
(1685, 13, 12, 89),
(1686, 13, 12, 90),
(1687, 13, 12, 91),
(1688, 13, 12, 92),
(1689, 13, 12, 93),
(1690, 13, 12, 94),
(1691, 13, 12, 95),
(1692, 13, 12, 96),
(1693, 13, 12, 97),
(1694, 13, 12, 98),
(1695, 13, 12, 99),
(1696, 13, 12, 100),
(1697, 13, 12, 101),
(1698, 13, 12, 102),
(1699, 13, 12, 103),
(1700, 13, 12, 104),
(1701, 13, 12, 105),
(1702, 13, 12, 106),
(1703, 13, 12, 107),
(1704, 13, 12, 108),
(1705, 13, 12, 109),
(1706, 13, 12, 110),
(1707, 13, 12, 111),
(1708, 13, 13, 1),
(1709, 13, 13, 2),
(1710, 13, 13, 3),
(1711, 13, 13, 4),
(1712, 13, 13, 5),
(1713, 13, 13, 6),
(1714, 13, 13, 7),
(1715, 13, 13, 8),
(1716, 13, 13, 9),
(1717, 13, 13, 10),
(1718, 13, 13, 11),
(1719, 13, 13, 12),
(1720, 13, 13, 13),
(1721, 13, 13, 14),
(1722, 13, 13, 15),
(1723, 13, 13, 16),
(1724, 13, 13, 17),
(1725, 13, 13, 18),
(1726, 13, 13, 19),
(1727, 13, 13, 20),
(1728, 13, 13, 21),
(1729, 13, 13, 22),
(1730, 13, 13, 23),
(1731, 13, 13, 24),
(1732, 13, 13, 25),
(1733, 13, 13, 26),
(1734, 13, 13, 27),
(1735, 13, 13, 28),
(1736, 13, 13, 29),
(1737, 13, 13, 30),
(1738, 13, 13, 31),
(1739, 13, 13, 32),
(1740, 13, 13, 33),
(1741, 13, 13, 34),
(1742, 13, 13, 35),
(1743, 13, 13, 36),
(1744, 13, 13, 37),
(1745, 13, 13, 38),
(1746, 13, 13, 39),
(1747, 13, 13, 40),
(1748, 13, 13, 41),
(1749, 13, 13, 42),
(1750, 13, 13, 43),
(1751, 13, 14, 1),
(1752, 13, 14, 2),
(1753, 13, 14, 3),
(1754, 13, 14, 4),
(1755, 13, 14, 5),
(1756, 13, 14, 6),
(1757, 13, 14, 7),
(1758, 13, 14, 8),
(1759, 13, 14, 9),
(1760, 13, 14, 10),
(1761, 13, 14, 11),
(1762, 13, 14, 12),
(1763, 13, 14, 13),
(1764, 13, 14, 14),
(1765, 13, 14, 15),
(1766, 13, 14, 16),
(1767, 13, 14, 17),
(1768, 13, 14, 18),
(1769, 13, 14, 19),
(1770, 13, 14, 20),
(1771, 13, 14, 21),
(1772, 13, 14, 22),
(1773, 13, 14, 23),
(1774, 13, 14, 24),
(1775, 13, 14, 25),
(1776, 13, 14, 26),
(1777, 13, 14, 27),
(1778, 13, 14, 28),
(1779, 13, 14, 29),
(1780, 13, 14, 30),
(1781, 13, 14, 31),
(1782, 13, 14, 32),
(1783, 13, 14, 33),
(1784, 13, 14, 34),
(1785, 13, 14, 35),
(1786, 13, 14, 36),
(1787, 13, 14, 37),
(1788, 13, 14, 38),
(1789, 13, 14, 39),
(1790, 13, 14, 40),
(1791, 13, 14, 41),
(1792, 13, 14, 42),
(1793, 13, 14, 43),
(1794, 13, 14, 44),
(1795, 13, 14, 45),
(1796, 13, 14, 46),
(1797, 13, 14, 47),
(1798, 13, 14, 48),
(1799, 13, 14, 49),
(1800, 13, 14, 50),
(1801, 13, 14, 51),
(1802, 13, 14, 52),
(1803, 14, 15, 1),
(1804, 14, 15, 2),
(1805, 14, 15, 3),
(1806, 14, 15, 4),
(1807, 14, 15, 5),
(1808, 14, 15, 6),
(1809, 14, 15, 7),
(1810, 14, 15, 8),
(1811, 14, 15, 9),
(1812, 14, 15, 10),
(1813, 14, 15, 11),
(1814, 14, 15, 12),
(1815, 14, 15, 13),
(1816, 14, 15, 14),
(1817, 14, 15, 15),
(1818, 14, 15, 16),
(1819, 14, 15, 17),
(1820, 14, 15, 18),
(1821, 14, 15, 19),
(1822, 14, 15, 20),
(1823, 14, 15, 21),
(1824, 14, 15, 22),
(1825, 14, 15, 23),
(1826, 14, 15, 24),
(1827, 14, 15, 25),
(1828, 14, 15, 26),
(1829, 14, 15, 27),
(1830, 14, 15, 28),
(1831, 14, 15, 29),
(1832, 14, 15, 30),
(1833, 14, 15, 31),
(1834, 14, 15, 32),
(1835, 14, 15, 33),
(1836, 14, 15, 34),
(1837, 14, 15, 35),
(1838, 14, 15, 36),
(1839, 14, 15, 37),
(1840, 14, 15, 38),
(1841, 14, 15, 39),
(1842, 14, 15, 40),
(1843, 14, 15, 41),
(1844, 14, 15, 42),
(1845, 14, 15, 43),
(1846, 14, 15, 44),
(1847, 14, 15, 45),
(1848, 14, 15, 46),
(1849, 14, 15, 47),
(1850, 14, 15, 48),
(1851, 14, 15, 49),
(1852, 14, 15, 50),
(1853, 14, 15, 51),
(1854, 14, 15, 52),
(1855, 14, 15, 53),
(1856, 14, 15, 54),
(1857, 14, 15, 55),
(1858, 14, 15, 56),
(1859, 14, 15, 57),
(1860, 14, 15, 58),
(1861, 14, 15, 59),
(1862, 14, 15, 60),
(1863, 14, 15, 61),
(1864, 14, 15, 62),
(1865, 14, 15, 63),
(1866, 14, 15, 64),
(1867, 14, 15, 65),
(1868, 14, 15, 66),
(1869, 14, 15, 67),
(1870, 14, 15, 68),
(1871, 14, 15, 69),
(1872, 14, 15, 70),
(1873, 14, 15, 71),
(1874, 14, 15, 72),
(1875, 14, 15, 73),
(1876, 14, 15, 74),
(1877, 14, 15, 75),
(1878, 14, 15, 76),
(1879, 14, 15, 77),
(1880, 14, 15, 78),
(1881, 14, 15, 79),
(1882, 14, 15, 80),
(1883, 14, 15, 81),
(1884, 14, 15, 82),
(1885, 14, 15, 83),
(1886, 14, 15, 84),
(1887, 14, 15, 85),
(1888, 14, 15, 86),
(1889, 14, 15, 87),
(1890, 14, 15, 88),
(1891, 14, 15, 89),
(1892, 14, 15, 90),
(1893, 14, 15, 91),
(1894, 14, 15, 92),
(1895, 14, 15, 93),
(1896, 14, 15, 94),
(1897, 14, 15, 95),
(1898, 14, 15, 96),
(1899, 14, 15, 97),
(1900, 14, 15, 98),
(1901, 14, 15, 99),
(1902, 14, 16, 1),
(1903, 14, 16, 2),
(1904, 14, 16, 3),
(1905, 14, 16, 4),
(1906, 14, 16, 5),
(1907, 14, 16, 6),
(1908, 14, 16, 7),
(1909, 14, 16, 8),
(1910, 14, 16, 9),
(1911, 14, 16, 10),
(1912, 14, 16, 11),
(1913, 14, 16, 12),
(1914, 14, 16, 13),
(1915, 14, 16, 14),
(1916, 14, 16, 15),
(1917, 14, 16, 16),
(1918, 14, 16, 17),
(1919, 14, 16, 18),
(1920, 14, 16, 19),
(1921, 14, 16, 20),
(1922, 14, 16, 21),
(1923, 14, 16, 22),
(1924, 14, 16, 23),
(1925, 14, 16, 24),
(1926, 14, 16, 25),
(1927, 14, 16, 26),
(1928, 14, 16, 27),
(1929, 14, 16, 28),
(1930, 14, 16, 29),
(1931, 14, 16, 30),
(1932, 14, 16, 31),
(1933, 14, 16, 32),
(1934, 14, 16, 33),
(1935, 14, 16, 34),
(1936, 14, 16, 35),
(1937, 14, 16, 36),
(1938, 14, 16, 37),
(1939, 14, 16, 38),
(1940, 14, 16, 39),
(1941, 14, 16, 40),
(1942, 14, 16, 41),
(1943, 14, 16, 42),
(1944, 14, 16, 43),
(1945, 14, 16, 44),
(1946, 14, 16, 45),
(1947, 14, 16, 46),
(1948, 14, 16, 47),
(1949, 14, 16, 48),
(1950, 14, 16, 49),
(1951, 14, 16, 50),
(1952, 14, 16, 51),
(1953, 14, 16, 52),
(1954, 14, 16, 53),
(1955, 14, 16, 54),
(1956, 14, 16, 55),
(1957, 14, 16, 56),
(1958, 14, 16, 57),
(1959, 14, 16, 58),
(1960, 14, 16, 59),
(1961, 14, 16, 60),
(1962, 14, 16, 61),
(1963, 14, 16, 62),
(1964, 14, 16, 63),
(1965, 14, 16, 64),
(1966, 14, 16, 65),
(1967, 14, 16, 66),
(1968, 14, 16, 67),
(1969, 14, 16, 68),
(1970, 14, 16, 69),
(1971, 14, 16, 70),
(1972, 14, 16, 71),
(1973, 14, 16, 72),
(1974, 14, 16, 73),
(1975, 14, 16, 74),
(1976, 14, 16, 75),
(1977, 14, 16, 76),
(1978, 14, 16, 77),
(1979, 14, 16, 78),
(1980, 14, 16, 79),
(1981, 14, 16, 80),
(1982, 14, 16, 81),
(1983, 14, 16, 82),
(1984, 14, 16, 83),
(1985, 14, 16, 84),
(1986, 14, 16, 85),
(1987, 14, 16, 86),
(1988, 14, 16, 87),
(1989, 14, 16, 88),
(1990, 14, 16, 89),
(1991, 14, 16, 90),
(1992, 14, 16, 91),
(1993, 14, 16, 92),
(1994, 14, 16, 93),
(1995, 14, 16, 94),
(1996, 14, 16, 95),
(1997, 14, 16, 96),
(1998, 14, 16, 97),
(1999, 14, 16, 98),
(2000, 14, 16, 99),
(2001, 14, 16, 100),
(2002, 14, 16, 101),
(2003, 14, 16, 102),
(2004, 14, 16, 103),
(2005, 14, 16, 104),
(2006, 14, 16, 105),
(2007, 14, 16, 106),
(2008, 14, 16, 107),
(2009, 14, 16, 108),
(2010, 14, 16, 109),
(2011, 14, 16, 110),
(2012, 14, 16, 111),
(2013, 14, 16, 112),
(2014, 14, 16, 113),
(2015, 14, 16, 114),
(2016, 14, 16, 115),
(2017, 14, 16, 116),
(2018, 14, 16, 117),
(2019, 14, 16, 118),
(2020, 14, 16, 119),
(2021, 14, 16, 120),
(2022, 14, 16, 121),
(2023, 14, 16, 122),
(2024, 14, 16, 123),
(2025, 14, 16, 124),
(2026, 14, 16, 125),
(2027, 14, 16, 126),
(2028, 14, 16, 127),
(2029, 14, 16, 128),
(2030, 15, 17, 1),
(2031, 15, 17, 2),
(2032, 15, 17, 3),
(2033, 15, 17, 4),
(2034, 15, 17, 5),
(2035, 15, 17, 6),
(2036, 15, 17, 7),
(2037, 15, 17, 8),
(2038, 15, 17, 9),
(2039, 15, 17, 10),
(2040, 15, 17, 11),
(2041, 15, 17, 12),
(2042, 15, 17, 13),
(2043, 15, 17, 14),
(2044, 15, 17, 15),
(2045, 15, 17, 16),
(2046, 15, 17, 17),
(2047, 15, 17, 18),
(2048, 15, 17, 19),
(2049, 15, 17, 20),
(2050, 15, 17, 21),
(2051, 15, 17, 22),
(2052, 15, 17, 23),
(2053, 15, 17, 24),
(2054, 15, 17, 25),
(2055, 15, 17, 26),
(2056, 15, 17, 27),
(2057, 15, 17, 28),
(2058, 15, 17, 29),
(2059, 15, 17, 30),
(2060, 15, 17, 31),
(2061, 15, 17, 32),
(2062, 15, 17, 33),
(2063, 15, 17, 34),
(2064, 15, 17, 35),
(2065, 15, 17, 36),
(2066, 15, 17, 37),
(2067, 15, 17, 38),
(2068, 15, 17, 39),
(2069, 15, 17, 40),
(2070, 15, 17, 41),
(2071, 15, 17, 42),
(2072, 15, 17, 43),
(2073, 15, 17, 44),
(2074, 15, 17, 45),
(2075, 15, 17, 46),
(2076, 15, 17, 47),
(2077, 15, 17, 48),
(2078, 15, 17, 49),
(2079, 15, 17, 50),
(2080, 15, 17, 51),
(2081, 15, 17, 52),
(2082, 15, 17, 53),
(2083, 15, 17, 54),
(2084, 15, 17, 55),
(2085, 15, 17, 56),
(2086, 15, 17, 57),
(2087, 15, 17, 58),
(2088, 15, 17, 59),
(2089, 15, 17, 60),
(2090, 15, 17, 61),
(2091, 15, 17, 62),
(2092, 15, 17, 63),
(2093, 15, 17, 64),
(2094, 15, 17, 65),
(2095, 15, 17, 66),
(2096, 15, 17, 67),
(2097, 15, 17, 68),
(2098, 15, 17, 69),
(2099, 15, 17, 70),
(2100, 15, 17, 71),
(2101, 15, 17, 72),
(2102, 15, 17, 73),
(2103, 15, 17, 74),
(2104, 15, 17, 75),
(2105, 15, 17, 76),
(2106, 15, 17, 77),
(2107, 15, 17, 78),
(2108, 15, 17, 79),
(2109, 15, 17, 80),
(2110, 15, 17, 81),
(2111, 15, 17, 82),
(2112, 15, 17, 83),
(2113, 15, 17, 84),
(2114, 15, 17, 85),
(2115, 15, 17, 86),
(2116, 15, 17, 87),
(2117, 15, 17, 88),
(2118, 15, 17, 89),
(2119, 15, 17, 90),
(2120, 15, 17, 91),
(2121, 15, 17, 92),
(2122, 15, 17, 93),
(2123, 15, 17, 94),
(2124, 15, 17, 95),
(2125, 15, 17, 96),
(2126, 15, 17, 97),
(2127, 15, 17, 98),
(2128, 15, 17, 99),
(2129, 15, 17, 100),
(2130, 15, 17, 101),
(2131, 15, 17, 102),
(2132, 15, 17, 103),
(2133, 15, 17, 104),
(2134, 15, 17, 105),
(2135, 15, 17, 106),
(2136, 15, 17, 107),
(2137, 15, 17, 108),
(2138, 15, 17, 109),
(2139, 15, 17, 110),
(2140, 15, 17, 111),
(2141, 15, 18, 1),
(2142, 15, 18, 2),
(2143, 15, 18, 3),
(2144, 15, 18, 4),
(2145, 15, 18, 5),
(2146, 15, 18, 6),
(2147, 15, 18, 7),
(2148, 15, 18, 8),
(2149, 15, 18, 9),
(2150, 15, 18, 10),
(2151, 15, 18, 11),
(2152, 15, 18, 12),
(2153, 15, 18, 13),
(2154, 15, 18, 14),
(2155, 15, 18, 15),
(2156, 15, 18, 16),
(2157, 15, 18, 17),
(2158, 15, 18, 18),
(2159, 15, 18, 19),
(2160, 15, 18, 20),
(2161, 15, 18, 21),
(2162, 15, 18, 22),
(2163, 15, 18, 23),
(2164, 15, 18, 24),
(2165, 15, 18, 25),
(2166, 15, 18, 26),
(2167, 15, 18, 27),
(2168, 15, 18, 28),
(2169, 15, 18, 29),
(2170, 15, 18, 30),
(2171, 15, 18, 31),
(2172, 15, 18, 32),
(2173, 15, 18, 33),
(2174, 15, 18, 34),
(2175, 15, 18, 35),
(2176, 15, 18, 36),
(2177, 15, 18, 37),
(2178, 15, 18, 38),
(2179, 15, 18, 39),
(2180, 15, 18, 40),
(2181, 15, 18, 41),
(2182, 15, 18, 42),
(2183, 15, 18, 43),
(2184, 15, 18, 44),
(2185, 15, 18, 45),
(2186, 15, 18, 46),
(2187, 15, 18, 47),
(2188, 15, 18, 48),
(2189, 15, 18, 49),
(2190, 15, 18, 50),
(2191, 15, 18, 51),
(2192, 15, 18, 52),
(2193, 15, 18, 53),
(2194, 15, 18, 54),
(2195, 15, 18, 55),
(2196, 15, 18, 56),
(2197, 15, 18, 57),
(2198, 15, 18, 58),
(2199, 15, 18, 59),
(2200, 15, 18, 60),
(2201, 15, 18, 61),
(2202, 15, 18, 62),
(2203, 15, 18, 63),
(2204, 15, 18, 64),
(2205, 15, 18, 65),
(2206, 15, 18, 66),
(2207, 15, 18, 67),
(2208, 15, 18, 68),
(2209, 15, 18, 69),
(2210, 15, 18, 70),
(2211, 15, 18, 71),
(2212, 15, 18, 72),
(2213, 15, 18, 73),
(2214, 15, 18, 74),
(2215, 16, 18, 75),
(2216, 16, 18, 76),
(2217, 16, 18, 77),
(2218, 16, 18, 78),
(2219, 16, 18, 79),
(2220, 16, 18, 80),
(2221, 16, 18, 81),
(2222, 16, 18, 82),
(2223, 16, 18, 83),
(2224, 16, 18, 84),
(2225, 16, 18, 85),
(2226, 16, 18, 86),
(2227, 16, 18, 87),
(2228, 16, 18, 88),
(2229, 16, 18, 89),
(2230, 16, 18, 90),
(2231, 16, 18, 91),
(2232, 16, 18, 92),
(2233, 16, 18, 93),
(2234, 16, 18, 94),
(2235, 16, 18, 95),
(2236, 16, 18, 96),
(2237, 16, 18, 97),
(2238, 16, 18, 98),
(2239, 16, 18, 99),
(2240, 16, 18, 100),
(2241, 16, 18, 101),
(2242, 16, 18, 102),
(2243, 16, 18, 103),
(2244, 16, 18, 104),
(2245, 16, 18, 105),
(2246, 16, 18, 106),
(2247, 16, 18, 107),
(2248, 16, 18, 108),
(2249, 16, 18, 109),
(2250, 16, 18, 110),
(2251, 16, 19, 1),
(2252, 16, 19, 2),
(2253, 16, 19, 3),
(2254, 16, 19, 4),
(2255, 16, 19, 5),
(2256, 16, 19, 6),
(2257, 16, 19, 7),
(2258, 16, 19, 8),
(2259, 16, 19, 9),
(2260, 16, 19, 10),
(2261, 16, 19, 11),
(2262, 16, 19, 12),
(2263, 16, 19, 13),
(2264, 16, 19, 14),
(2265, 16, 19, 15),
(2266, 16, 19, 16),
(2267, 16, 19, 17),
(2268, 16, 19, 18),
(2269, 16, 19, 19),
(2270, 16, 19, 20),
(2271, 16, 19, 21),
(2272, 16, 19, 22),
(2273, 16, 19, 23),
(2274, 16, 19, 24),
(2275, 16, 19, 25),
(2276, 16, 19, 26),
(2277, 16, 19, 27),
(2278, 16, 19, 28),
(2279, 16, 19, 29),
(2280, 16, 19, 30),
(2281, 16, 19, 31),
(2282, 16, 19, 32),
(2283, 16, 19, 33),
(2284, 16, 19, 34),
(2285, 16, 19, 35),
(2286, 16, 19, 36),
(2287, 16, 19, 37),
(2288, 16, 19, 38),
(2289, 16, 19, 39),
(2290, 16, 19, 40),
(2291, 16, 19, 41),
(2292, 16, 19, 42),
(2293, 16, 19, 43),
(2294, 16, 19, 44),
(2295, 16, 19, 45),
(2296, 16, 19, 46),
(2297, 16, 19, 47),
(2298, 16, 19, 48),
(2299, 16, 19, 49),
(2300, 16, 19, 50),
(2301, 16, 19, 51),
(2302, 16, 19, 52),
(2303, 16, 19, 53),
(2304, 16, 19, 54),
(2305, 16, 19, 55),
(2306, 16, 19, 56),
(2307, 16, 19, 57),
(2308, 16, 19, 58),
(2309, 16, 19, 59),
(2310, 16, 19, 60),
(2311, 16, 19, 61),
(2312, 16, 19, 62),
(2313, 16, 19, 63),
(2314, 16, 19, 64),
(2315, 16, 19, 65),
(2316, 16, 19, 66),
(2317, 16, 19, 67),
(2318, 16, 19, 68),
(2319, 16, 19, 69),
(2320, 16, 19, 70),
(2321, 16, 19, 71),
(2322, 16, 19, 72),
(2323, 16, 19, 73),
(2324, 16, 19, 74),
(2325, 16, 19, 75),
(2326, 16, 19, 76),
(2327, 16, 19, 77),
(2328, 16, 19, 78),
(2329, 16, 19, 79),
(2330, 16, 19, 80),
(2331, 16, 19, 81),
(2332, 16, 19, 82),
(2333, 16, 19, 83),
(2334, 16, 19, 84),
(2335, 16, 19, 85),
(2336, 16, 19, 86),
(2337, 16, 19, 87),
(2338, 16, 19, 88),
(2339, 16, 19, 89),
(2340, 16, 19, 90),
(2341, 16, 19, 91),
(2342, 16, 19, 92),
(2343, 16, 19, 93),
(2344, 16, 19, 94),
(2345, 16, 19, 95),
(2346, 16, 19, 96),
(2347, 16, 19, 97),
(2348, 16, 19, 98),
(2349, 16, 20, 1),
(2350, 16, 20, 2),
(2351, 16, 20, 3),
(2352, 16, 20, 4),
(2353, 16, 20, 5),
(2354, 16, 20, 6),
(2355, 16, 20, 7),
(2356, 16, 20, 8),
(2357, 16, 20, 9),
(2358, 16, 20, 10),
(2359, 16, 20, 11),
(2360, 16, 20, 12),
(2361, 16, 20, 13),
(2362, 16, 20, 14),
(2363, 16, 20, 15),
(2364, 16, 20, 16),
(2365, 16, 20, 17),
(2366, 16, 20, 18),
(2367, 16, 20, 19),
(2368, 16, 20, 20),
(2369, 16, 20, 21),
(2370, 16, 20, 22),
(2371, 16, 20, 23),
(2372, 16, 20, 24),
(2373, 16, 20, 25),
(2374, 16, 20, 26),
(2375, 16, 20, 27),
(2376, 16, 20, 28),
(2377, 16, 20, 29),
(2378, 16, 20, 30),
(2379, 16, 20, 31),
(2380, 16, 20, 32),
(2381, 16, 20, 33),
(2382, 16, 20, 34),
(2383, 16, 20, 35),
(2384, 16, 20, 36),
(2385, 16, 20, 37),
(2386, 16, 20, 38),
(2387, 16, 20, 39),
(2388, 16, 20, 40),
(2389, 16, 20, 41),
(2390, 16, 20, 42),
(2391, 16, 20, 43),
(2392, 16, 20, 44),
(2393, 16, 20, 45),
(2394, 16, 20, 46),
(2395, 16, 20, 47),
(2396, 16, 20, 48),
(2397, 16, 20, 49),
(2398, 16, 20, 50),
(2399, 16, 20, 51),
(2400, 16, 20, 52),
(2401, 16, 20, 53),
(2402, 16, 20, 54),
(2403, 16, 20, 55),
(2404, 16, 20, 56),
(2405, 16, 20, 57),
(2406, 16, 20, 58),
(2407, 16, 20, 59),
(2408, 16, 20, 60),
(2409, 16, 20, 61),
(2410, 16, 20, 62),
(2411, 16, 20, 63),
(2412, 16, 20, 64),
(2413, 16, 20, 65),
(2414, 16, 20, 66),
(2415, 16, 20, 67),
(2416, 16, 20, 68),
(2417, 16, 20, 69),
(2418, 16, 20, 70),
(2419, 16, 20, 71),
(2420, 16, 20, 72),
(2421, 16, 20, 73),
(2422, 16, 20, 74),
(2423, 16, 20, 75),
(2424, 16, 20, 76),
(2425, 16, 20, 77),
(2426, 16, 20, 78),
(2427, 16, 20, 79),
(2428, 16, 20, 80),
(2429, 16, 20, 81),
(2430, 16, 20, 82),
(2431, 16, 20, 83),
(2432, 16, 20, 84),
(2433, 16, 20, 85),
(2434, 16, 20, 86),
(2435, 16, 20, 87),
(2436, 16, 20, 88),
(2437, 16, 20, 89),
(2438, 16, 20, 90),
(2439, 16, 20, 91),
(2440, 16, 20, 92),
(2441, 16, 20, 93),
(2442, 16, 20, 94),
(2443, 16, 20, 95),
(2444, 16, 20, 96),
(2445, 16, 20, 97),
(2446, 16, 20, 98),
(2447, 16, 20, 99),
(2448, 16, 20, 100),
(2449, 16, 20, 101),
(2450, 16, 20, 102),
(2451, 16, 20, 103),
(2452, 16, 20, 104),
(2453, 16, 20, 105),
(2454, 16, 20, 106),
(2455, 16, 20, 107),
(2456, 16, 20, 108),
(2457, 16, 20, 109),
(2458, 16, 20, 110),
(2459, 16, 20, 111),
(2460, 16, 20, 112),
(2461, 16, 20, 113),
(2462, 16, 20, 114),
(2463, 16, 20, 115),
(2464, 16, 20, 116),
(2465, 16, 20, 117),
(2466, 16, 20, 118),
(2467, 16, 20, 119),
(2468, 16, 20, 120),
(2469, 16, 20, 121),
(2470, 16, 20, 122),
(2471, 16, 20, 123),
(2472, 16, 20, 124),
(2473, 16, 20, 125),
(2474, 16, 20, 126),
(2475, 16, 20, 127),
(2476, 16, 20, 128),
(2477, 16, 20, 129),
(2478, 16, 20, 130),
(2479, 16, 20, 131),
(2480, 16, 20, 132),
(2481, 16, 20, 133),
(2482, 16, 20, 134),
(2483, 16, 20, 135),
(2484, 17, 21, 1),
(2485, 17, 21, 2),
(2486, 17, 21, 3),
(2487, 17, 21, 4),
(2488, 17, 21, 5),
(2489, 17, 21, 6),
(2490, 17, 21, 7),
(2491, 17, 21, 8),
(2492, 17, 21, 9),
(2493, 17, 21, 10),
(2494, 17, 21, 11),
(2495, 17, 21, 12),
(2496, 17, 21, 13),
(2497, 17, 21, 14),
(2498, 17, 21, 15),
(2499, 17, 21, 16),
(2500, 17, 21, 17),
(2501, 17, 21, 18),
(2502, 17, 21, 19),
(2503, 17, 21, 20),
(2504, 17, 21, 21),
(2505, 17, 21, 22),
(2506, 17, 21, 23),
(2507, 17, 21, 24),
(2508, 17, 21, 25),
(2509, 17, 21, 26),
(2510, 17, 21, 27),
(2511, 17, 21, 28),
(2512, 17, 21, 29),
(2513, 17, 21, 30),
(2514, 17, 21, 31),
(2515, 17, 21, 32),
(2516, 17, 21, 33),
(2517, 17, 21, 34),
(2518, 17, 21, 35),
(2519, 17, 21, 36),
(2520, 17, 21, 37),
(2521, 17, 21, 38),
(2522, 17, 21, 39),
(2523, 17, 21, 40),
(2524, 17, 21, 41),
(2525, 17, 21, 42),
(2526, 17, 21, 43),
(2527, 17, 21, 44),
(2528, 17, 21, 45),
(2529, 17, 21, 46),
(2530, 17, 21, 47),
(2531, 17, 21, 48),
(2532, 17, 21, 49),
(2533, 17, 21, 50),
(2534, 17, 21, 51),
(2535, 17, 21, 52),
(2536, 17, 21, 53),
(2537, 17, 21, 54),
(2538, 17, 21, 55),
(2539, 17, 21, 56),
(2540, 17, 21, 57),
(2541, 17, 21, 58),
(2542, 17, 21, 59),
(2543, 17, 21, 60),
(2544, 17, 21, 61),
(2545, 17, 21, 62),
(2546, 17, 21, 63),
(2547, 17, 21, 64),
(2548, 17, 21, 65),
(2549, 17, 21, 66),
(2550, 17, 21, 67),
(2551, 17, 21, 68),
(2552, 17, 21, 69),
(2553, 17, 21, 70),
(2554, 17, 21, 71),
(2555, 17, 21, 72),
(2556, 17, 21, 73),
(2557, 17, 21, 74),
(2558, 17, 21, 75),
(2559, 17, 21, 76),
(2560, 17, 21, 77),
(2561, 17, 21, 78),
(2562, 17, 21, 79),
(2563, 17, 21, 80),
(2564, 17, 21, 81),
(2565, 17, 21, 82),
(2566, 17, 21, 83),
(2567, 17, 21, 84),
(2568, 17, 21, 85),
(2569, 17, 21, 86),
(2570, 17, 21, 87),
(2571, 17, 21, 88),
(2572, 17, 21, 89),
(2573, 17, 21, 90),
(2574, 17, 21, 91),
(2575, 17, 21, 92),
(2576, 17, 21, 93),
(2577, 17, 21, 94),
(2578, 17, 21, 95),
(2579, 17, 21, 96),
(2580, 17, 21, 97),
(2581, 17, 21, 98),
(2582, 17, 21, 99),
(2583, 17, 21, 100),
(2584, 17, 21, 101),
(2585, 17, 21, 102),
(2586, 17, 21, 103),
(2587, 17, 21, 104),
(2588, 17, 21, 105),
(2589, 17, 21, 106),
(2590, 17, 21, 107),
(2591, 17, 21, 108),
(2592, 17, 21, 109),
(2593, 17, 21, 110),
(2594, 17, 21, 111),
(2595, 17, 21, 112),
(2596, 17, 22, 1),
(2597, 17, 22, 2),
(2598, 17, 22, 3),
(2599, 17, 22, 4),
(2600, 17, 22, 5),
(2601, 17, 22, 6),
(2602, 17, 22, 7),
(2603, 17, 22, 8),
(2604, 17, 22, 9),
(2605, 17, 22, 10),
(2606, 17, 22, 11),
(2607, 17, 22, 12),
(2608, 17, 22, 13),
(2609, 17, 22, 14),
(2610, 17, 22, 15),
(2611, 17, 22, 16),
(2612, 17, 22, 17),
(2613, 17, 22, 18),
(2614, 17, 22, 19),
(2615, 17, 22, 20),
(2616, 17, 22, 21),
(2617, 17, 22, 22),
(2618, 17, 22, 23),
(2619, 17, 22, 24),
(2620, 17, 22, 25),
(2621, 17, 22, 26),
(2622, 17, 22, 27),
(2623, 17, 22, 28),
(2624, 17, 22, 29),
(2625, 17, 22, 30),
(2626, 17, 22, 31),
(2627, 17, 22, 32),
(2628, 17, 22, 33),
(2629, 17, 22, 34),
(2630, 17, 22, 35),
(2631, 17, 22, 36),
(2632, 17, 22, 37),
(2633, 17, 22, 38),
(2634, 17, 22, 39),
(2635, 17, 22, 40),
(2636, 17, 22, 41),
(2637, 17, 22, 42),
(2638, 17, 22, 43),
(2639, 17, 22, 44),
(2640, 17, 22, 45),
(2641, 17, 22, 46),
(2642, 17, 22, 47),
(2643, 17, 22, 48),
(2644, 17, 22, 49),
(2645, 17, 22, 50),
(2646, 17, 22, 51),
(2647, 17, 22, 52),
(2648, 17, 22, 53),
(2649, 17, 22, 54),
(2650, 17, 22, 55),
(2651, 17, 22, 56),
(2652, 17, 22, 57),
(2653, 17, 22, 58),
(2654, 17, 22, 59),
(2655, 17, 22, 60),
(2656, 17, 22, 61),
(2657, 17, 22, 62),
(2658, 17, 22, 63),
(2659, 17, 22, 64),
(2660, 17, 22, 65),
(2661, 17, 22, 66),
(2662, 17, 22, 67),
(2663, 17, 22, 68),
(2664, 17, 22, 69),
(2665, 17, 22, 70),
(2666, 17, 22, 71),
(2667, 17, 22, 72),
(2668, 17, 22, 73),
(2669, 17, 22, 74),
(2670, 17, 22, 75),
(2671, 17, 22, 76),
(2672, 17, 22, 77),
(2673, 17, 22, 78),
(2674, 18, 23, 1),
(2675, 18, 23, 2),
(2676, 18, 23, 3),
(2677, 18, 23, 4),
(2678, 18, 23, 5),
(2679, 18, 23, 6),
(2680, 18, 23, 7),
(2681, 18, 23, 8),
(2682, 18, 23, 9),
(2683, 18, 23, 10),
(2684, 18, 23, 11),
(2685, 18, 23, 12),
(2686, 18, 23, 13),
(2687, 18, 23, 14),
(2688, 18, 23, 15),
(2689, 18, 23, 16),
(2690, 18, 23, 17),
(2691, 18, 23, 18),
(2692, 18, 23, 19),
(2693, 18, 23, 20),
(2694, 18, 23, 21),
(2695, 18, 23, 22),
(2696, 18, 23, 23),
(2697, 18, 23, 24),
(2698, 18, 23, 25),
(2699, 18, 23, 26),
(2700, 18, 23, 27),
(2701, 18, 23, 28),
(2702, 18, 23, 29),
(2703, 18, 23, 30),
(2704, 18, 23, 31),
(2705, 18, 23, 32),
(2706, 18, 23, 33),
(2707, 18, 23, 34),
(2708, 18, 23, 35),
(2709, 18, 23, 36),
(2710, 18, 23, 37),
(2711, 18, 23, 38),
(2712, 18, 23, 39),
(2713, 18, 23, 40),
(2714, 18, 23, 41),
(2715, 18, 23, 42),
(2716, 18, 23, 43),
(2717, 18, 23, 44),
(2718, 18, 23, 45),
(2719, 18, 23, 46),
(2720, 18, 23, 47),
(2721, 18, 23, 48),
(2722, 18, 23, 49),
(2723, 18, 23, 50),
(2724, 18, 23, 51),
(2725, 18, 23, 52),
(2726, 18, 23, 53),
(2727, 18, 23, 54),
(2728, 18, 23, 55),
(2729, 18, 23, 56),
(2730, 18, 23, 57),
(2731, 18, 23, 58),
(2732, 18, 23, 59),
(2733, 18, 23, 60),
(2734, 18, 23, 61),
(2735, 18, 23, 62),
(2736, 18, 23, 63),
(2737, 18, 23, 64),
(2738, 18, 23, 65),
(2739, 18, 23, 66),
(2740, 18, 23, 67),
(2741, 18, 23, 68),
(2742, 18, 23, 69),
(2743, 18, 23, 70),
(2744, 18, 23, 71),
(2745, 18, 23, 72),
(2746, 18, 23, 73),
(2747, 18, 23, 74),
(2748, 18, 23, 75),
(2749, 18, 23, 76),
(2750, 18, 23, 77),
(2751, 18, 23, 78),
(2752, 18, 23, 79),
(2753, 18, 23, 80),
(2754, 18, 23, 81),
(2755, 18, 23, 82),
(2756, 18, 23, 83),
(2757, 18, 23, 84),
(2758, 18, 23, 85),
(2759, 18, 23, 86),
(2760, 18, 23, 87),
(2761, 18, 23, 88),
(2762, 18, 23, 89),
(2763, 18, 23, 90),
(2764, 18, 23, 91),
(2765, 18, 23, 92),
(2766, 18, 23, 93),
(2767, 18, 23, 94),
(2768, 18, 23, 95),
(2769, 18, 23, 96),
(2770, 18, 23, 97),
(2771, 18, 23, 98),
(2772, 18, 23, 99),
(2773, 18, 23, 100),
(2774, 18, 23, 101),
(2775, 18, 23, 102),
(2776, 18, 23, 103),
(2777, 18, 23, 104),
(2778, 18, 23, 105),
(2779, 18, 23, 106),
(2780, 18, 23, 107),
(2781, 18, 23, 108),
(2782, 18, 23, 109),
(2783, 18, 23, 110),
(2784, 18, 23, 111),
(2785, 18, 23, 112),
(2786, 18, 23, 113),
(2787, 18, 23, 114),
(2788, 18, 23, 115),
(2789, 18, 23, 116),
(2790, 18, 23, 117),
(2791, 18, 23, 118),
(2792, 18, 24, 1),
(2793, 18, 24, 2),
(2794, 18, 24, 3),
(2795, 18, 24, 4),
(2796, 18, 24, 5),
(2797, 18, 24, 6),
(2798, 18, 24, 7),
(2799, 18, 24, 8),
(2800, 18, 24, 9),
(2801, 18, 24, 10),
(2802, 18, 24, 11),
(2803, 18, 24, 12),
(2804, 18, 24, 13),
(2805, 18, 24, 14),
(2806, 18, 24, 15),
(2807, 18, 24, 16),
(2808, 18, 24, 17),
(2809, 18, 24, 18),
(2810, 18, 24, 19),
(2811, 18, 24, 20),
(2812, 18, 24, 21),
(2813, 18, 24, 22),
(2814, 18, 24, 23),
(2815, 18, 24, 24),
(2816, 18, 24, 25),
(2817, 18, 24, 26),
(2818, 18, 24, 27),
(2819, 18, 24, 28),
(2820, 18, 24, 29),
(2821, 18, 24, 30),
(2822, 18, 24, 31),
(2823, 18, 24, 32),
(2824, 18, 24, 33),
(2825, 18, 24, 34),
(2826, 18, 24, 35),
(2827, 18, 24, 36),
(2828, 18, 24, 37),
(2829, 18, 24, 38),
(2830, 18, 24, 39),
(2831, 18, 24, 40),
(2832, 18, 24, 41),
(2833, 18, 24, 42),
(2834, 18, 24, 43),
(2835, 18, 24, 44),
(2836, 18, 24, 45),
(2837, 18, 24, 46),
(2838, 18, 24, 47),
(2839, 18, 24, 48),
(2840, 18, 24, 49),
(2841, 18, 24, 50),
(2842, 18, 24, 51),
(2843, 18, 24, 52),
(2844, 18, 24, 53),
(2845, 18, 24, 54),
(2846, 18, 24, 55),
(2847, 18, 24, 56),
(2848, 18, 24, 57),
(2849, 18, 24, 58),
(2850, 18, 24, 59),
(2851, 18, 24, 60),
(2852, 18, 24, 61),
(2853, 18, 24, 62),
(2854, 18, 24, 63),
(2855, 18, 24, 64),
(2856, 18, 25, 1),
(2857, 18, 25, 2),
(2858, 18, 25, 3),
(2859, 18, 25, 4),
(2860, 18, 25, 5),
(2861, 18, 25, 6),
(2862, 18, 25, 7),
(2863, 18, 25, 8),
(2864, 18, 25, 9),
(2865, 18, 25, 10),
(2866, 18, 25, 11),
(2867, 18, 25, 12),
(2868, 18, 25, 13),
(2869, 18, 25, 14),
(2870, 18, 25, 15),
(2871, 18, 25, 16),
(2872, 18, 25, 17),
(2873, 18, 25, 18),
(2874, 18, 25, 19),
(2875, 18, 25, 20),
(2876, 19, 25, 21),
(2877, 19, 25, 22),
(2878, 19, 25, 23),
(2879, 19, 25, 24),
(2880, 19, 25, 25),
(2881, 19, 25, 26),
(2882, 19, 25, 27),
(2883, 19, 25, 28),
(2884, 19, 25, 29),
(2885, 19, 25, 30),
(2886, 19, 25, 31),
(2887, 19, 25, 32),
(2888, 19, 25, 33),
(2889, 19, 25, 34),
(2890, 19, 25, 35),
(2891, 19, 25, 36),
(2892, 19, 25, 37),
(2893, 19, 25, 38),
(2894, 19, 25, 39),
(2895, 19, 25, 40),
(2896, 19, 25, 41),
(2897, 19, 25, 42),
(2898, 19, 25, 43),
(2899, 19, 25, 44),
(2900, 19, 25, 45),
(2901, 19, 25, 46),
(2902, 19, 25, 47),
(2903, 19, 25, 48),
(2904, 19, 25, 49),
(2905, 19, 25, 50),
(2906, 19, 25, 51),
(2907, 19, 25, 52),
(2908, 19, 25, 53),
(2909, 19, 25, 54),
(2910, 19, 25, 55),
(2911, 19, 25, 56),
(2912, 19, 25, 57),
(2913, 19, 25, 58),
(2914, 19, 25, 59),
(2915, 19, 25, 60),
(2916, 19, 25, 61),
(2917, 19, 25, 62),
(2918, 19, 25, 63),
(2919, 19, 25, 64),
(2920, 19, 25, 65),
(2921, 19, 25, 66),
(2922, 19, 25, 67),
(2923, 19, 25, 68),
(2924, 19, 25, 69),
(2925, 19, 25, 70),
(2926, 19, 25, 71),
(2927, 19, 25, 72),
(2928, 19, 25, 73),
(2929, 19, 25, 74),
(2930, 19, 25, 75),
(2931, 19, 25, 76),
(2932, 19, 25, 77),
(2933, 19, 26, 1),
(2934, 19, 26, 2),
(2935, 19, 26, 3),
(2936, 19, 26, 4),
(2937, 19, 26, 5),
(2938, 19, 26, 6),
(2939, 19, 26, 7),
(2940, 19, 26, 8),
(2941, 19, 26, 9),
(2942, 19, 26, 10),
(2943, 19, 26, 11),
(2944, 19, 26, 12),
(2945, 19, 26, 13),
(2946, 19, 26, 14),
(2947, 19, 26, 15),
(2948, 19, 26, 16),
(2949, 19, 26, 17);
INSERT INTO `quran` (`qid`, `juz`, `suratid`, `ayat`) VALUES
(2950, 19, 26, 18),
(2951, 19, 26, 19),
(2952, 19, 26, 20),
(2953, 19, 26, 21),
(2954, 19, 26, 22),
(2955, 19, 26, 23),
(2956, 19, 26, 24),
(2957, 19, 26, 25),
(2958, 19, 26, 26),
(2959, 19, 26, 27),
(2960, 19, 26, 28),
(2961, 19, 26, 29),
(2962, 19, 26, 30),
(2963, 19, 26, 31),
(2964, 19, 26, 32),
(2965, 19, 26, 33),
(2966, 19, 26, 34),
(2967, 19, 26, 35),
(2968, 19, 26, 36),
(2969, 19, 26, 37),
(2970, 19, 26, 38),
(2971, 19, 26, 39),
(2972, 19, 26, 40),
(2973, 19, 26, 41),
(2974, 19, 26, 42),
(2975, 19, 26, 43),
(2976, 19, 26, 44),
(2977, 19, 26, 45),
(2978, 19, 26, 46),
(2979, 19, 26, 47),
(2980, 19, 26, 48),
(2981, 19, 26, 49),
(2982, 19, 26, 50),
(2983, 19, 26, 51),
(2984, 19, 26, 52),
(2985, 19, 26, 53),
(2986, 19, 26, 54),
(2987, 19, 26, 55),
(2988, 19, 26, 56),
(2989, 19, 26, 57),
(2990, 19, 26, 58),
(2991, 19, 26, 59),
(2992, 19, 26, 60),
(2993, 19, 26, 61),
(2994, 19, 26, 62),
(2995, 19, 26, 63),
(2996, 19, 26, 64),
(2997, 19, 26, 65),
(2998, 19, 26, 66),
(2999, 19, 26, 67),
(3000, 19, 26, 68),
(3001, 19, 26, 69),
(3002, 19, 26, 70),
(3003, 19, 26, 71),
(3004, 19, 26, 72),
(3005, 19, 26, 73),
(3006, 19, 26, 74),
(3007, 19, 26, 75),
(3008, 19, 26, 76),
(3009, 19, 26, 77),
(3010, 19, 26, 78),
(3011, 19, 26, 79),
(3012, 19, 26, 80),
(3013, 19, 26, 81),
(3014, 19, 26, 82),
(3015, 19, 26, 83),
(3016, 19, 26, 84),
(3017, 19, 26, 85),
(3018, 19, 26, 86),
(3019, 19, 26, 87),
(3020, 19, 26, 88),
(3021, 19, 26, 89),
(3022, 19, 26, 90),
(3023, 19, 26, 91),
(3024, 19, 26, 92),
(3025, 19, 26, 93),
(3026, 19, 26, 94),
(3027, 19, 26, 95),
(3028, 19, 26, 96),
(3029, 19, 26, 97),
(3030, 19, 26, 98),
(3031, 19, 26, 99),
(3032, 19, 26, 100),
(3033, 19, 26, 101),
(3034, 19, 26, 102),
(3035, 19, 26, 103),
(3036, 19, 26, 104),
(3037, 19, 26, 105),
(3038, 19, 26, 106),
(3039, 19, 26, 107),
(3040, 19, 26, 108),
(3041, 19, 26, 109),
(3042, 19, 26, 110),
(3043, 19, 26, 111),
(3044, 19, 26, 112),
(3045, 19, 26, 113),
(3046, 19, 26, 114),
(3047, 19, 26, 115),
(3048, 19, 26, 116),
(3049, 19, 26, 117),
(3050, 19, 26, 118),
(3051, 19, 26, 119),
(3052, 19, 26, 120),
(3053, 19, 26, 121),
(3054, 19, 26, 122),
(3055, 19, 26, 123),
(3056, 19, 26, 124),
(3057, 19, 26, 125),
(3058, 19, 26, 126),
(3059, 19, 26, 127),
(3060, 19, 26, 128),
(3061, 19, 26, 129),
(3062, 19, 26, 130),
(3063, 19, 26, 131),
(3064, 19, 26, 132),
(3065, 19, 26, 133),
(3066, 19, 26, 134),
(3067, 19, 26, 135),
(3068, 19, 26, 136),
(3069, 19, 26, 137),
(3070, 19, 26, 138),
(3071, 19, 26, 139),
(3072, 19, 26, 140),
(3073, 19, 26, 141),
(3074, 19, 26, 142),
(3075, 19, 26, 143),
(3076, 19, 26, 144),
(3077, 19, 26, 145),
(3078, 19, 26, 146),
(3079, 19, 26, 147),
(3080, 19, 26, 148),
(3081, 19, 26, 149),
(3082, 19, 26, 150),
(3083, 19, 26, 151),
(3084, 19, 26, 152),
(3085, 19, 26, 153),
(3086, 19, 26, 154),
(3087, 19, 26, 155),
(3088, 19, 26, 156),
(3089, 19, 26, 157),
(3090, 19, 26, 158),
(3091, 19, 26, 159),
(3092, 19, 26, 160),
(3093, 19, 26, 161),
(3094, 19, 26, 162),
(3095, 19, 26, 163),
(3096, 19, 26, 164),
(3097, 19, 26, 165),
(3098, 19, 26, 166),
(3099, 19, 26, 167),
(3100, 19, 26, 168),
(3101, 19, 26, 169),
(3102, 19, 26, 170),
(3103, 19, 26, 171),
(3104, 19, 26, 172),
(3105, 19, 26, 173),
(3106, 19, 26, 174),
(3107, 19, 26, 175),
(3108, 19, 26, 176),
(3109, 19, 26, 177),
(3110, 19, 26, 178),
(3111, 19, 26, 179),
(3112, 19, 26, 180),
(3113, 19, 26, 181),
(3114, 19, 26, 182),
(3115, 19, 26, 183),
(3116, 19, 26, 184),
(3117, 19, 26, 185),
(3118, 19, 26, 186),
(3119, 19, 26, 187),
(3120, 19, 26, 188),
(3121, 19, 26, 189),
(3122, 19, 26, 190),
(3123, 19, 26, 191),
(3124, 19, 26, 192),
(3125, 19, 26, 193),
(3126, 19, 26, 194),
(3127, 19, 26, 195),
(3128, 19, 26, 196),
(3129, 19, 26, 197),
(3130, 19, 26, 198),
(3131, 19, 26, 199),
(3132, 19, 26, 200),
(3133, 19, 26, 201),
(3134, 19, 26, 202),
(3135, 19, 26, 203),
(3136, 19, 26, 204),
(3137, 19, 26, 205),
(3138, 19, 26, 206),
(3139, 19, 26, 207),
(3140, 19, 26, 208),
(3141, 19, 26, 209),
(3142, 19, 26, 210),
(3143, 19, 26, 211),
(3144, 19, 26, 212),
(3145, 19, 26, 213),
(3146, 19, 26, 214),
(3147, 19, 26, 215),
(3148, 19, 26, 216),
(3149, 19, 26, 217),
(3150, 19, 26, 218),
(3151, 19, 26, 219),
(3152, 19, 26, 220),
(3153, 19, 26, 221),
(3154, 19, 26, 222),
(3155, 19, 26, 223),
(3156, 19, 26, 224),
(3157, 19, 26, 225),
(3158, 19, 26, 226),
(3159, 19, 26, 227),
(3160, 19, 27, 1),
(3161, 19, 27, 2),
(3162, 19, 27, 3),
(3163, 19, 27, 4),
(3164, 19, 27, 5),
(3165, 19, 27, 6),
(3166, 19, 27, 7),
(3167, 19, 27, 8),
(3168, 19, 27, 9),
(3169, 19, 27, 10),
(3170, 19, 27, 11),
(3171, 19, 27, 12),
(3172, 19, 27, 13),
(3173, 19, 27, 14),
(3174, 19, 27, 15),
(3175, 19, 27, 16),
(3176, 19, 27, 17),
(3177, 19, 27, 18),
(3178, 19, 27, 19),
(3179, 19, 27, 20),
(3180, 19, 27, 21),
(3181, 19, 27, 22),
(3182, 19, 27, 23),
(3183, 19, 27, 24),
(3184, 19, 27, 25),
(3185, 19, 27, 26),
(3186, 19, 27, 27),
(3187, 19, 27, 28),
(3188, 19, 27, 29),
(3189, 19, 27, 30),
(3190, 19, 27, 31),
(3191, 19, 27, 32),
(3192, 19, 27, 33),
(3193, 19, 27, 34),
(3194, 19, 27, 35),
(3195, 19, 27, 36),
(3196, 19, 27, 37),
(3197, 19, 27, 38),
(3198, 19, 27, 39),
(3199, 19, 27, 40),
(3200, 19, 27, 41),
(3201, 19, 27, 42),
(3202, 19, 27, 43),
(3203, 19, 27, 44),
(3204, 19, 27, 45),
(3205, 19, 27, 46),
(3206, 19, 27, 47),
(3207, 19, 27, 48),
(3208, 19, 27, 49),
(3209, 19, 27, 50),
(3210, 19, 27, 51),
(3211, 19, 27, 52),
(3212, 19, 27, 53),
(3213, 19, 27, 54),
(3214, 19, 27, 55),
(3215, 20, 27, 56),
(3216, 20, 27, 57),
(3217, 20, 27, 58),
(3218, 20, 27, 59),
(3219, 20, 27, 60),
(3220, 20, 27, 61),
(3221, 20, 27, 62),
(3222, 20, 27, 63),
(3223, 20, 27, 64),
(3224, 20, 27, 65),
(3225, 20, 27, 66),
(3226, 20, 27, 67),
(3227, 20, 27, 68),
(3228, 20, 27, 69),
(3229, 20, 27, 70),
(3230, 20, 27, 71),
(3231, 20, 27, 72),
(3232, 20, 27, 73),
(3233, 20, 27, 74),
(3234, 20, 27, 75),
(3235, 20, 27, 76),
(3236, 20, 27, 77),
(3237, 20, 27, 78),
(3238, 20, 27, 79),
(3239, 20, 27, 80),
(3240, 20, 27, 81),
(3241, 20, 27, 82),
(3242, 20, 27, 83),
(3243, 20, 27, 84),
(3244, 20, 27, 85),
(3245, 20, 27, 86),
(3246, 20, 27, 87),
(3247, 20, 27, 88),
(3248, 20, 27, 89),
(3249, 20, 27, 90),
(3250, 20, 27, 91),
(3251, 20, 27, 92),
(3252, 20, 27, 93),
(3253, 20, 28, 1),
(3254, 20, 28, 2),
(3255, 20, 28, 3),
(3256, 20, 28, 4),
(3257, 20, 28, 5),
(3258, 20, 28, 6),
(3259, 20, 28, 7),
(3260, 20, 28, 8),
(3261, 20, 28, 9),
(3262, 20, 28, 10),
(3263, 20, 28, 11),
(3264, 20, 28, 12),
(3265, 20, 28, 13),
(3266, 20, 28, 14),
(3267, 20, 28, 15),
(3268, 20, 28, 16),
(3269, 20, 28, 17),
(3270, 20, 28, 18),
(3271, 20, 28, 19),
(3272, 20, 28, 20),
(3273, 20, 28, 21),
(3274, 20, 28, 22),
(3275, 20, 28, 23),
(3276, 20, 28, 24),
(3277, 20, 28, 25),
(3278, 20, 28, 26),
(3279, 20, 28, 27),
(3280, 20, 28, 28),
(3281, 20, 28, 29),
(3282, 20, 28, 30),
(3283, 20, 28, 31),
(3284, 20, 28, 32),
(3285, 20, 28, 33),
(3286, 20, 28, 34),
(3287, 20, 28, 35),
(3288, 20, 28, 36),
(3289, 20, 28, 37),
(3290, 20, 28, 38),
(3291, 20, 28, 39),
(3292, 20, 28, 40),
(3293, 20, 28, 41),
(3294, 20, 28, 42),
(3295, 20, 28, 43),
(3296, 20, 28, 44),
(3297, 20, 28, 45),
(3298, 20, 28, 46),
(3299, 20, 28, 47),
(3300, 20, 28, 48),
(3301, 20, 28, 49),
(3302, 20, 28, 50),
(3303, 20, 28, 51),
(3304, 20, 28, 52),
(3305, 20, 28, 53),
(3306, 20, 28, 54),
(3307, 20, 28, 55),
(3308, 20, 28, 56),
(3309, 20, 28, 57),
(3310, 20, 28, 58),
(3311, 20, 28, 59),
(3312, 20, 28, 60),
(3313, 20, 28, 61),
(3314, 20, 28, 62),
(3315, 20, 28, 63),
(3316, 20, 28, 64),
(3317, 20, 28, 65),
(3318, 20, 28, 66),
(3319, 20, 28, 67),
(3320, 20, 28, 68),
(3321, 20, 28, 69),
(3322, 20, 28, 70),
(3323, 20, 28, 71),
(3324, 20, 28, 72),
(3325, 20, 28, 73),
(3326, 20, 28, 74),
(3327, 20, 28, 75),
(3328, 20, 28, 76),
(3329, 20, 28, 77),
(3330, 20, 28, 78),
(3331, 20, 28, 79),
(3332, 20, 28, 80),
(3333, 20, 28, 81),
(3334, 20, 28, 82),
(3335, 20, 28, 83),
(3336, 20, 28, 84),
(3337, 20, 28, 85),
(3338, 20, 28, 86),
(3339, 20, 28, 87),
(3340, 20, 28, 88),
(3341, 20, 29, 1),
(3342, 20, 29, 2),
(3343, 20, 29, 3),
(3344, 20, 29, 4),
(3345, 20, 29, 5),
(3346, 20, 29, 6),
(3347, 20, 29, 7),
(3348, 20, 29, 8),
(3349, 20, 29, 9),
(3350, 20, 29, 10),
(3351, 20, 29, 11),
(3352, 20, 29, 12),
(3353, 20, 29, 13),
(3354, 20, 29, 14),
(3355, 20, 29, 15),
(3356, 20, 29, 16),
(3357, 20, 29, 17),
(3358, 20, 29, 18),
(3359, 20, 29, 19),
(3360, 20, 29, 20),
(3361, 20, 29, 21),
(3362, 20, 29, 22),
(3363, 20, 29, 23),
(3364, 20, 29, 24),
(3365, 20, 29, 25),
(3366, 20, 29, 26),
(3367, 20, 29, 27),
(3368, 20, 29, 28),
(3369, 20, 29, 29),
(3370, 20, 29, 30),
(3371, 20, 29, 31),
(3372, 20, 29, 32),
(3373, 20, 29, 33),
(3374, 20, 29, 34),
(3375, 20, 29, 35),
(3376, 20, 29, 36),
(3377, 20, 29, 37),
(3378, 20, 29, 38),
(3379, 20, 29, 39),
(3380, 20, 29, 40),
(3381, 20, 29, 41),
(3382, 20, 29, 42),
(3383, 20, 29, 43),
(3384, 20, 29, 44),
(3385, 20, 29, 45),
(3386, 21, 29, 46),
(3387, 21, 29, 47),
(3388, 21, 29, 48),
(3389, 21, 29, 49),
(3390, 21, 29, 50),
(3391, 21, 29, 51),
(3392, 21, 29, 52),
(3393, 21, 29, 53),
(3394, 21, 29, 54),
(3395, 21, 29, 55),
(3396, 21, 29, 56),
(3397, 21, 29, 57),
(3398, 21, 29, 58),
(3399, 21, 29, 59),
(3400, 21, 29, 60),
(3401, 21, 29, 61),
(3402, 21, 29, 62),
(3403, 21, 29, 63),
(3404, 21, 29, 64),
(3405, 21, 29, 65),
(3406, 21, 29, 66),
(3407, 21, 29, 67),
(3408, 21, 29, 68),
(3409, 21, 29, 69),
(3410, 21, 30, 1),
(3411, 21, 30, 2),
(3412, 21, 30, 3),
(3413, 21, 30, 4),
(3414, 21, 30, 5),
(3415, 21, 30, 6),
(3416, 21, 30, 7),
(3417, 21, 30, 8),
(3418, 21, 30, 9),
(3419, 21, 30, 10),
(3420, 21, 30, 11),
(3421, 21, 30, 12),
(3422, 21, 30, 13),
(3423, 21, 30, 14),
(3424, 21, 30, 15),
(3425, 21, 30, 16),
(3426, 21, 30, 17),
(3427, 21, 30, 18),
(3428, 21, 30, 19),
(3429, 21, 30, 20),
(3430, 21, 30, 21),
(3431, 21, 30, 22),
(3432, 21, 30, 23),
(3433, 21, 30, 24),
(3434, 21, 30, 25),
(3435, 21, 30, 26),
(3436, 21, 30, 27),
(3437, 21, 30, 28),
(3438, 21, 30, 29),
(3439, 21, 30, 30),
(3440, 21, 30, 31),
(3441, 21, 30, 32),
(3442, 21, 30, 33),
(3443, 21, 30, 34),
(3444, 21, 30, 35),
(3445, 21, 30, 36),
(3446, 21, 30, 37),
(3447, 21, 30, 38),
(3448, 21, 30, 39),
(3449, 21, 30, 40),
(3450, 21, 30, 41),
(3451, 21, 30, 42),
(3452, 21, 30, 43),
(3453, 21, 30, 44),
(3454, 21, 30, 45),
(3455, 21, 30, 46),
(3456, 21, 30, 47),
(3457, 21, 30, 48),
(3458, 21, 30, 49),
(3459, 21, 30, 50),
(3460, 21, 30, 51),
(3461, 21, 30, 52),
(3462, 21, 30, 53),
(3463, 21, 30, 54),
(3464, 21, 30, 55),
(3465, 21, 30, 56),
(3466, 21, 30, 57),
(3467, 21, 30, 58),
(3468, 21, 30, 59),
(3469, 21, 30, 60),
(3470, 21, 31, 1),
(3471, 21, 31, 2),
(3472, 21, 31, 3),
(3473, 21, 31, 4),
(3474, 21, 31, 5),
(3475, 21, 31, 6),
(3476, 21, 31, 7),
(3477, 21, 31, 8),
(3478, 21, 31, 9),
(3479, 21, 31, 10),
(3480, 21, 31, 11),
(3481, 21, 31, 12),
(3482, 21, 31, 13),
(3483, 21, 31, 14),
(3484, 21, 31, 15),
(3485, 21, 31, 16),
(3486, 21, 31, 17),
(3487, 21, 31, 18),
(3488, 21, 31, 19),
(3489, 21, 31, 20),
(3490, 21, 31, 21),
(3491, 21, 31, 22),
(3492, 21, 31, 23),
(3493, 21, 31, 24),
(3494, 21, 31, 25),
(3495, 21, 31, 26),
(3496, 21, 31, 27),
(3497, 21, 31, 28),
(3498, 21, 31, 29),
(3499, 21, 31, 30),
(3500, 21, 31, 31),
(3501, 21, 31, 32),
(3502, 21, 31, 33),
(3503, 21, 31, 34),
(3504, 21, 32, 1),
(3505, 21, 32, 2),
(3506, 21, 32, 3),
(3507, 21, 32, 4),
(3508, 21, 32, 5),
(3509, 21, 32, 6),
(3510, 21, 32, 7),
(3511, 21, 32, 8),
(3512, 21, 32, 9),
(3513, 21, 32, 10),
(3514, 21, 32, 11),
(3515, 21, 32, 12),
(3516, 21, 32, 13),
(3517, 21, 32, 14),
(3518, 21, 32, 15),
(3519, 21, 32, 16),
(3520, 21, 32, 17),
(3521, 21, 32, 18),
(3522, 21, 32, 19),
(3523, 21, 32, 20),
(3524, 21, 32, 21),
(3525, 21, 32, 22),
(3526, 21, 32, 23),
(3527, 21, 32, 24),
(3528, 21, 32, 25),
(3529, 21, 32, 26),
(3530, 21, 32, 27),
(3531, 21, 32, 28),
(3532, 21, 32, 29),
(3533, 21, 32, 30),
(3534, 21, 33, 1),
(3535, 21, 33, 2),
(3536, 21, 33, 3),
(3537, 21, 33, 4),
(3538, 21, 33, 5),
(3539, 21, 33, 6),
(3540, 21, 33, 7),
(3541, 21, 33, 8),
(3542, 21, 33, 9),
(3543, 21, 33, 10),
(3544, 21, 33, 11),
(3545, 21, 33, 12),
(3546, 21, 33, 13),
(3547, 21, 33, 14),
(3548, 21, 33, 15),
(3549, 21, 33, 16),
(3550, 21, 33, 17),
(3551, 21, 33, 18),
(3552, 21, 33, 19),
(3553, 21, 33, 20),
(3554, 21, 33, 21),
(3555, 21, 33, 22),
(3556, 21, 33, 23),
(3557, 21, 33, 24),
(3558, 21, 33, 25),
(3559, 21, 33, 26),
(3560, 21, 33, 27),
(3561, 21, 33, 28),
(3562, 21, 33, 29),
(3563, 21, 33, 30),
(3564, 22, 33, 31),
(3565, 22, 33, 32),
(3566, 22, 33, 33),
(3567, 22, 33, 34),
(3568, 22, 33, 35),
(3569, 22, 33, 36),
(3570, 22, 33, 37),
(3571, 22, 33, 38),
(3572, 22, 33, 39),
(3573, 22, 33, 40),
(3574, 22, 33, 41),
(3575, 22, 33, 42),
(3576, 22, 33, 43),
(3577, 22, 33, 44),
(3578, 22, 33, 45),
(3579, 22, 33, 46),
(3580, 22, 33, 47),
(3581, 22, 33, 48),
(3582, 22, 33, 49),
(3583, 22, 33, 50),
(3584, 22, 33, 51),
(3585, 22, 33, 52),
(3586, 22, 33, 53),
(3587, 22, 33, 54),
(3588, 22, 33, 55),
(3589, 22, 33, 56),
(3590, 22, 33, 57),
(3591, 22, 33, 58),
(3592, 22, 33, 59),
(3593, 22, 33, 60),
(3594, 22, 33, 61),
(3595, 22, 33, 62),
(3596, 22, 33, 63),
(3597, 22, 33, 64),
(3598, 22, 33, 65),
(3599, 22, 33, 66),
(3600, 22, 33, 67),
(3601, 22, 33, 68),
(3602, 22, 33, 69),
(3603, 22, 33, 70),
(3604, 22, 33, 71),
(3605, 22, 33, 72),
(3606, 22, 33, 73),
(3607, 22, 34, 1),
(3608, 22, 34, 2),
(3609, 22, 34, 3),
(3610, 22, 34, 4),
(3611, 22, 34, 5),
(3612, 22, 34, 6),
(3613, 22, 34, 7),
(3614, 22, 34, 8),
(3615, 22, 34, 9),
(3616, 22, 34, 10),
(3617, 22, 34, 11),
(3618, 22, 34, 12),
(3619, 22, 34, 13),
(3620, 22, 34, 14),
(3621, 22, 34, 15),
(3622, 22, 34, 16),
(3623, 22, 34, 17),
(3624, 22, 34, 18),
(3625, 22, 34, 19),
(3626, 22, 34, 20),
(3627, 22, 34, 21),
(3628, 22, 34, 22),
(3629, 22, 34, 23),
(3630, 22, 34, 24),
(3631, 22, 34, 25),
(3632, 22, 34, 26),
(3633, 22, 34, 27),
(3634, 22, 34, 28),
(3635, 22, 34, 29),
(3636, 22, 34, 30),
(3637, 22, 34, 31),
(3638, 22, 34, 32),
(3639, 22, 34, 33),
(3640, 22, 34, 34),
(3641, 22, 34, 35),
(3642, 22, 34, 36),
(3643, 22, 34, 37),
(3644, 22, 34, 38),
(3645, 22, 34, 39),
(3646, 22, 34, 40),
(3647, 22, 34, 41),
(3648, 22, 34, 42),
(3649, 22, 34, 43),
(3650, 22, 34, 44),
(3651, 22, 34, 45),
(3652, 22, 34, 46),
(3653, 22, 34, 47),
(3654, 22, 34, 48),
(3655, 22, 34, 49),
(3656, 22, 34, 50),
(3657, 22, 34, 51),
(3658, 22, 34, 52),
(3659, 22, 34, 53),
(3660, 22, 34, 54),
(3661, 22, 35, 1),
(3662, 22, 35, 2),
(3663, 22, 35, 3),
(3664, 22, 35, 4),
(3665, 22, 35, 5),
(3666, 22, 35, 6),
(3667, 22, 35, 7),
(3668, 22, 35, 8),
(3669, 22, 35, 9),
(3670, 22, 35, 10),
(3671, 22, 35, 11),
(3672, 22, 35, 12),
(3673, 22, 35, 13),
(3674, 22, 35, 14),
(3675, 22, 35, 15),
(3676, 22, 35, 16),
(3677, 22, 35, 17),
(3678, 22, 35, 18),
(3679, 22, 35, 19),
(3680, 22, 35, 20),
(3681, 22, 35, 21),
(3682, 22, 35, 22),
(3683, 22, 35, 23),
(3684, 22, 35, 24),
(3685, 22, 35, 25),
(3686, 22, 35, 26),
(3687, 22, 35, 27),
(3688, 22, 35, 28),
(3689, 22, 35, 29),
(3690, 22, 35, 30),
(3691, 22, 35, 31),
(3692, 22, 35, 32),
(3693, 22, 35, 33),
(3694, 22, 35, 34),
(3695, 22, 35, 35),
(3696, 22, 35, 36),
(3697, 22, 35, 37),
(3698, 22, 35, 38),
(3699, 22, 35, 39),
(3700, 22, 35, 40),
(3701, 22, 35, 41),
(3702, 22, 35, 42),
(3703, 22, 35, 43),
(3704, 22, 35, 44),
(3705, 22, 35, 45),
(3706, 22, 36, 1),
(3707, 22, 36, 2),
(3708, 22, 36, 3),
(3709, 22, 36, 4),
(3710, 22, 36, 5),
(3711, 22, 36, 6),
(3712, 22, 36, 7),
(3713, 22, 36, 8),
(3714, 22, 36, 9),
(3715, 22, 36, 10),
(3716, 22, 36, 11),
(3717, 22, 36, 12),
(3718, 22, 36, 13),
(3719, 22, 36, 14),
(3720, 22, 36, 15),
(3721, 22, 36, 16),
(3722, 22, 36, 17),
(3723, 22, 36, 18),
(3724, 22, 36, 19),
(3725, 22, 36, 20),
(3726, 22, 36, 21),
(3727, 22, 36, 22),
(3728, 22, 36, 23),
(3729, 22, 36, 24),
(3730, 22, 36, 25),
(3731, 22, 36, 26),
(3732, 22, 36, 27),
(3733, 23, 36, 28),
(3734, 23, 36, 29),
(3735, 23, 36, 30),
(3736, 23, 36, 31),
(3737, 23, 36, 32),
(3738, 23, 36, 33),
(3739, 23, 36, 34),
(3740, 23, 36, 35),
(3741, 23, 36, 36),
(3742, 23, 36, 37),
(3743, 23, 36, 38),
(3744, 23, 36, 39),
(3745, 23, 36, 40),
(3746, 23, 36, 41),
(3747, 23, 36, 42),
(3748, 23, 36, 43),
(3749, 23, 36, 44),
(3750, 23, 36, 45),
(3751, 23, 36, 46),
(3752, 23, 36, 47),
(3753, 23, 36, 48),
(3754, 23, 36, 49),
(3755, 23, 36, 50),
(3756, 23, 36, 51),
(3757, 23, 36, 52),
(3758, 23, 36, 53),
(3759, 23, 36, 54),
(3760, 23, 36, 55),
(3761, 23, 36, 56),
(3762, 23, 36, 57),
(3763, 23, 36, 58),
(3764, 23, 36, 59),
(3765, 23, 36, 60),
(3766, 23, 36, 61),
(3767, 23, 36, 62),
(3768, 23, 36, 63),
(3769, 23, 36, 64),
(3770, 23, 36, 65),
(3771, 23, 36, 66),
(3772, 23, 36, 67),
(3773, 23, 36, 68),
(3774, 23, 36, 69),
(3775, 23, 36, 70),
(3776, 23, 36, 71),
(3777, 23, 36, 72),
(3778, 23, 36, 73),
(3779, 23, 36, 74),
(3780, 23, 36, 75),
(3781, 23, 36, 76),
(3782, 23, 36, 77),
(3783, 23, 36, 78),
(3784, 23, 36, 79),
(3785, 23, 36, 80),
(3786, 23, 36, 81),
(3787, 23, 36, 82),
(3788, 23, 36, 83),
(3789, 23, 37, 1),
(3790, 23, 37, 2),
(3791, 23, 37, 3),
(3792, 23, 37, 4),
(3793, 23, 37, 5),
(3794, 23, 37, 6),
(3795, 23, 37, 7),
(3796, 23, 37, 8),
(3797, 23, 37, 9),
(3798, 23, 37, 10),
(3799, 23, 37, 11),
(3800, 23, 37, 12),
(3801, 23, 37, 13),
(3802, 23, 37, 14),
(3803, 23, 37, 15),
(3804, 23, 37, 16),
(3805, 23, 37, 17),
(3806, 23, 37, 18),
(3807, 23, 37, 19),
(3808, 23, 37, 20),
(3809, 23, 37, 21),
(3810, 23, 37, 22),
(3811, 23, 37, 23),
(3812, 23, 37, 24),
(3813, 23, 37, 25),
(3814, 23, 37, 26),
(3815, 23, 37, 27),
(3816, 23, 37, 28),
(3817, 23, 37, 29),
(3818, 23, 37, 30),
(3819, 23, 37, 31),
(3820, 23, 37, 32),
(3821, 23, 37, 33),
(3822, 23, 37, 34),
(3823, 23, 37, 35),
(3824, 23, 37, 36),
(3825, 23, 37, 37),
(3826, 23, 37, 38),
(3827, 23, 37, 39),
(3828, 23, 37, 40),
(3829, 23, 37, 41),
(3830, 23, 37, 42),
(3831, 23, 37, 43),
(3832, 23, 37, 44),
(3833, 23, 37, 45),
(3834, 23, 37, 46),
(3835, 23, 37, 47),
(3836, 23, 37, 48),
(3837, 23, 37, 49),
(3838, 23, 37, 50),
(3839, 23, 37, 51),
(3840, 23, 37, 52),
(3841, 23, 37, 53),
(3842, 23, 37, 54),
(3843, 23, 37, 55),
(3844, 23, 37, 56),
(3845, 23, 37, 57),
(3846, 23, 37, 58),
(3847, 23, 37, 59),
(3848, 23, 37, 60),
(3849, 23, 37, 61),
(3850, 23, 37, 62),
(3851, 23, 37, 63),
(3852, 23, 37, 64),
(3853, 23, 37, 65),
(3854, 23, 37, 66),
(3855, 23, 37, 67),
(3856, 23, 37, 68),
(3857, 23, 37, 69),
(3858, 23, 37, 70),
(3859, 23, 37, 71),
(3860, 23, 37, 72),
(3861, 23, 37, 73),
(3862, 23, 37, 74),
(3863, 23, 37, 75),
(3864, 23, 37, 76),
(3865, 23, 37, 77),
(3866, 23, 37, 78),
(3867, 23, 37, 79),
(3868, 23, 37, 80),
(3869, 23, 37, 81),
(3870, 23, 37, 82),
(3871, 23, 37, 83),
(3872, 23, 37, 84),
(3873, 23, 37, 85),
(3874, 23, 37, 86),
(3875, 23, 37, 87),
(3876, 23, 37, 88),
(3877, 23, 37, 89),
(3878, 23, 37, 90),
(3879, 23, 37, 91),
(3880, 23, 37, 92),
(3881, 23, 37, 93),
(3882, 23, 37, 94),
(3883, 23, 37, 95),
(3884, 23, 37, 96),
(3885, 23, 37, 97),
(3886, 23, 37, 98),
(3887, 23, 37, 99),
(3888, 23, 37, 100),
(3889, 23, 37, 101),
(3890, 23, 37, 102),
(3891, 23, 37, 103),
(3892, 23, 37, 104),
(3893, 23, 37, 105),
(3894, 23, 37, 106),
(3895, 23, 37, 107),
(3896, 23, 37, 108),
(3897, 23, 37, 109),
(3898, 23, 37, 110),
(3899, 23, 37, 111),
(3900, 23, 37, 112),
(3901, 23, 37, 113),
(3902, 23, 37, 114),
(3903, 23, 37, 115),
(3904, 23, 37, 116),
(3905, 23, 37, 117),
(3906, 23, 37, 118),
(3907, 23, 37, 119),
(3908, 23, 37, 120),
(3909, 23, 37, 121),
(3910, 23, 37, 122),
(3911, 23, 37, 123),
(3912, 23, 37, 124),
(3913, 23, 37, 125),
(3914, 23, 37, 126),
(3915, 23, 37, 127),
(3916, 23, 37, 128),
(3917, 23, 37, 129),
(3918, 23, 37, 130),
(3919, 23, 37, 131),
(3920, 23, 37, 132),
(3921, 23, 37, 133),
(3922, 23, 37, 134),
(3923, 23, 37, 135),
(3924, 23, 37, 136),
(3925, 23, 37, 137),
(3926, 23, 37, 138),
(3927, 23, 37, 139),
(3928, 23, 37, 140),
(3929, 23, 37, 141),
(3930, 23, 37, 142),
(3931, 23, 37, 143),
(3932, 23, 37, 144),
(3933, 23, 37, 145),
(3934, 23, 37, 146),
(3935, 23, 37, 147),
(3936, 23, 37, 148),
(3937, 23, 37, 149),
(3938, 23, 37, 150),
(3939, 23, 37, 151),
(3940, 23, 37, 152),
(3941, 23, 37, 153),
(3942, 23, 37, 154),
(3943, 23, 37, 155),
(3944, 23, 37, 156),
(3945, 23, 37, 157),
(3946, 23, 37, 158),
(3947, 23, 37, 159),
(3948, 23, 37, 160),
(3949, 23, 37, 161),
(3950, 23, 37, 162),
(3951, 23, 37, 163),
(3952, 23, 37, 164),
(3953, 23, 37, 165),
(3954, 23, 37, 166),
(3955, 23, 37, 167),
(3956, 23, 37, 168),
(3957, 23, 37, 169),
(3958, 23, 37, 170),
(3959, 23, 37, 171),
(3960, 23, 37, 172),
(3961, 23, 37, 173),
(3962, 23, 37, 174),
(3963, 23, 37, 175),
(3964, 23, 37, 176),
(3965, 23, 37, 177),
(3966, 23, 37, 178),
(3967, 23, 37, 179),
(3968, 23, 37, 180),
(3969, 23, 37, 181),
(3970, 23, 37, 182),
(3971, 23, 38, 1),
(3972, 23, 38, 2),
(3973, 23, 38, 3),
(3974, 23, 38, 4),
(3975, 23, 38, 5),
(3976, 23, 38, 6),
(3977, 23, 38, 7),
(3978, 23, 38, 8),
(3979, 23, 38, 9),
(3980, 23, 38, 10),
(3981, 23, 38, 11),
(3982, 23, 38, 12),
(3983, 23, 38, 13),
(3984, 23, 38, 14),
(3985, 23, 38, 15),
(3986, 23, 38, 16),
(3987, 23, 38, 17),
(3988, 23, 38, 18),
(3989, 23, 38, 19),
(3990, 23, 38, 20),
(3991, 23, 38, 21),
(3992, 23, 38, 22),
(3993, 23, 38, 23),
(3994, 23, 38, 24),
(3995, 23, 38, 25),
(3996, 23, 38, 26),
(3997, 23, 38, 27),
(3998, 23, 38, 28),
(3999, 23, 38, 29),
(4000, 23, 38, 30),
(4001, 23, 38, 31),
(4002, 23, 38, 32),
(4003, 23, 38, 33),
(4004, 23, 38, 34),
(4005, 23, 38, 35),
(4006, 23, 38, 36),
(4007, 23, 38, 37),
(4008, 23, 38, 38),
(4009, 23, 38, 39),
(4010, 23, 38, 40),
(4011, 23, 38, 41),
(4012, 23, 38, 42),
(4013, 23, 38, 43),
(4014, 23, 38, 44),
(4015, 23, 38, 45),
(4016, 23, 38, 46),
(4017, 23, 38, 47),
(4018, 23, 38, 48),
(4019, 23, 38, 49),
(4020, 23, 38, 50),
(4021, 23, 38, 51),
(4022, 23, 38, 52),
(4023, 23, 38, 53),
(4024, 23, 38, 54),
(4025, 23, 38, 55),
(4026, 23, 38, 56),
(4027, 23, 38, 57),
(4028, 23, 38, 58),
(4029, 23, 38, 59),
(4030, 23, 38, 60),
(4031, 23, 38, 61),
(4032, 23, 38, 62),
(4033, 23, 38, 63),
(4034, 23, 38, 64),
(4035, 23, 38, 65),
(4036, 23, 38, 66),
(4037, 23, 38, 67),
(4038, 23, 38, 68),
(4039, 23, 38, 69),
(4040, 23, 38, 70),
(4041, 23, 38, 71),
(4042, 23, 38, 72),
(4043, 23, 38, 73),
(4044, 23, 38, 74),
(4045, 23, 38, 75),
(4046, 23, 38, 76),
(4047, 23, 38, 77),
(4048, 23, 38, 78),
(4049, 23, 38, 79),
(4050, 23, 38, 80),
(4051, 23, 38, 81),
(4052, 23, 38, 82),
(4053, 23, 38, 83),
(4054, 23, 38, 84),
(4055, 23, 38, 85),
(4056, 23, 38, 86),
(4057, 23, 38, 87),
(4058, 23, 38, 88),
(4059, 23, 39, 1),
(4060, 23, 39, 2),
(4061, 23, 39, 3),
(4062, 23, 39, 4),
(4063, 23, 39, 5),
(4064, 23, 39, 6),
(4065, 23, 39, 7),
(4066, 23, 39, 8),
(4067, 23, 39, 9),
(4068, 23, 39, 10),
(4069, 23, 39, 11),
(4070, 23, 39, 12),
(4071, 23, 39, 13),
(4072, 23, 39, 14),
(4073, 23, 39, 15),
(4074, 23, 39, 16),
(4075, 23, 39, 17),
(4076, 23, 39, 18),
(4077, 23, 39, 19),
(4078, 23, 39, 20),
(4079, 23, 39, 21),
(4080, 23, 39, 22),
(4081, 23, 39, 23),
(4082, 23, 39, 24),
(4083, 23, 39, 25),
(4084, 23, 39, 26),
(4085, 23, 39, 27),
(4086, 23, 39, 28),
(4087, 23, 39, 29),
(4088, 23, 39, 30),
(4089, 23, 39, 31),
(4090, 24, 39, 32),
(4091, 24, 39, 33),
(4092, 24, 39, 34),
(4093, 24, 39, 35),
(4094, 24, 39, 36),
(4095, 24, 39, 37),
(4096, 24, 39, 38),
(4097, 24, 39, 39),
(4098, 24, 39, 40),
(4099, 24, 39, 41),
(4100, 24, 39, 42),
(4101, 24, 39, 43),
(4102, 24, 39, 44),
(4103, 24, 39, 45),
(4104, 24, 39, 46),
(4105, 24, 39, 47),
(4106, 24, 39, 48),
(4107, 24, 39, 49),
(4108, 24, 39, 50),
(4109, 24, 39, 51),
(4110, 24, 39, 52),
(4111, 24, 39, 53),
(4112, 24, 39, 54),
(4113, 24, 39, 55),
(4114, 24, 39, 56),
(4115, 24, 39, 57),
(4116, 24, 39, 58),
(4117, 24, 39, 59),
(4118, 24, 39, 60),
(4119, 24, 39, 61),
(4120, 24, 39, 62),
(4121, 24, 39, 63),
(4122, 24, 39, 64),
(4123, 24, 39, 65),
(4124, 24, 39, 66),
(4125, 24, 39, 67),
(4126, 24, 39, 68),
(4127, 24, 39, 69),
(4128, 24, 39, 70),
(4129, 24, 39, 71),
(4130, 24, 39, 72),
(4131, 24, 39, 73),
(4132, 24, 39, 74),
(4133, 24, 39, 75),
(4134, 24, 40, 1),
(4135, 24, 40, 2),
(4136, 24, 40, 3),
(4137, 24, 40, 4),
(4138, 24, 40, 5),
(4139, 24, 40, 6),
(4140, 24, 40, 7),
(4141, 24, 40, 8),
(4142, 24, 40, 9),
(4143, 24, 40, 10),
(4144, 24, 40, 11),
(4145, 24, 40, 12),
(4146, 24, 40, 13),
(4147, 24, 40, 14),
(4148, 24, 40, 15),
(4149, 24, 40, 16),
(4150, 24, 40, 17),
(4151, 24, 40, 18),
(4152, 24, 40, 19),
(4153, 24, 40, 20),
(4154, 24, 40, 21),
(4155, 24, 40, 22),
(4156, 24, 40, 23),
(4157, 24, 40, 24),
(4158, 24, 40, 25),
(4159, 24, 40, 26),
(4160, 24, 40, 27),
(4161, 24, 40, 28),
(4162, 24, 40, 29),
(4163, 24, 40, 30),
(4164, 24, 40, 31),
(4165, 24, 40, 32),
(4166, 24, 40, 33),
(4167, 24, 40, 34),
(4168, 24, 40, 35),
(4169, 24, 40, 36),
(4170, 24, 40, 37),
(4171, 24, 40, 38),
(4172, 24, 40, 39),
(4173, 24, 40, 40),
(4174, 24, 40, 41),
(4175, 24, 40, 42),
(4176, 24, 40, 43),
(4177, 24, 40, 44),
(4178, 24, 40, 45),
(4179, 24, 40, 46),
(4180, 24, 40, 47),
(4181, 24, 40, 48),
(4182, 24, 40, 49),
(4183, 24, 40, 50),
(4184, 24, 40, 51),
(4185, 24, 40, 52),
(4186, 24, 40, 53),
(4187, 24, 40, 54),
(4188, 24, 40, 55),
(4189, 24, 40, 56),
(4190, 24, 40, 57),
(4191, 24, 40, 58),
(4192, 24, 40, 59),
(4193, 24, 40, 60),
(4194, 24, 40, 61),
(4195, 24, 40, 62),
(4196, 24, 40, 63),
(4197, 24, 40, 64),
(4198, 24, 40, 65),
(4199, 24, 40, 66),
(4200, 24, 40, 67),
(4201, 24, 40, 68),
(4202, 24, 40, 69),
(4203, 24, 40, 70),
(4204, 24, 40, 71),
(4205, 24, 40, 72),
(4206, 24, 40, 73),
(4207, 24, 40, 74),
(4208, 24, 40, 75),
(4209, 24, 40, 76),
(4210, 24, 40, 77),
(4211, 24, 40, 78),
(4212, 24, 40, 79),
(4213, 24, 40, 80),
(4214, 24, 40, 81),
(4215, 24, 40, 82),
(4216, 24, 40, 83),
(4217, 24, 40, 84),
(4218, 24, 40, 85),
(4219, 24, 41, 1),
(4220, 24, 41, 2),
(4221, 24, 41, 3),
(4222, 24, 41, 4),
(4223, 24, 41, 5),
(4224, 24, 41, 6),
(4225, 24, 41, 7),
(4226, 24, 41, 8),
(4227, 24, 41, 9),
(4228, 24, 41, 10),
(4229, 24, 41, 11),
(4230, 24, 41, 12),
(4231, 24, 41, 13),
(4232, 24, 41, 14),
(4233, 24, 41, 15),
(4234, 24, 41, 16),
(4235, 24, 41, 17),
(4236, 24, 41, 18),
(4237, 24, 41, 19),
(4238, 24, 41, 20),
(4239, 24, 41, 21),
(4240, 24, 41, 22),
(4241, 24, 41, 23),
(4242, 24, 41, 24),
(4243, 24, 41, 25),
(4244, 24, 41, 26),
(4245, 24, 41, 27),
(4246, 24, 41, 28),
(4247, 24, 41, 29),
(4248, 24, 41, 30),
(4249, 24, 41, 31),
(4250, 24, 41, 32),
(4251, 24, 41, 33),
(4252, 24, 41, 34),
(4253, 24, 41, 35),
(4254, 24, 41, 36),
(4255, 24, 41, 37),
(4256, 24, 41, 38),
(4257, 24, 41, 39),
(4258, 24, 41, 40),
(4259, 24, 41, 41),
(4260, 24, 41, 42),
(4261, 24, 41, 43),
(4262, 24, 41, 44),
(4263, 24, 41, 45),
(4264, 24, 41, 46),
(4265, 25, 41, 47),
(4266, 25, 41, 48),
(4267, 25, 41, 49),
(4268, 25, 41, 50),
(4269, 25, 41, 51),
(4270, 25, 41, 52),
(4271, 25, 41, 53),
(4272, 25, 41, 54),
(4273, 25, 42, 1),
(4274, 25, 42, 2),
(4275, 25, 42, 3),
(4276, 25, 42, 4),
(4277, 25, 42, 5),
(4278, 25, 42, 6),
(4279, 25, 42, 7),
(4280, 25, 42, 8),
(4281, 25, 42, 9),
(4282, 25, 42, 10),
(4283, 25, 42, 11),
(4284, 25, 42, 12),
(4285, 25, 42, 13),
(4286, 25, 42, 14),
(4287, 25, 42, 15),
(4288, 25, 42, 16),
(4289, 25, 42, 17),
(4290, 25, 42, 18),
(4291, 25, 42, 19),
(4292, 25, 42, 20),
(4293, 25, 42, 21),
(4294, 25, 42, 22),
(4295, 25, 42, 23),
(4296, 25, 42, 24),
(4297, 25, 42, 25),
(4298, 25, 42, 26),
(4299, 25, 42, 27),
(4300, 25, 42, 28),
(4301, 25, 42, 29),
(4302, 25, 42, 30),
(4303, 25, 42, 31),
(4304, 25, 42, 32),
(4305, 25, 42, 33),
(4306, 25, 42, 34),
(4307, 25, 42, 35),
(4308, 25, 42, 36),
(4309, 25, 42, 37),
(4310, 25, 42, 38),
(4311, 25, 42, 39),
(4312, 25, 42, 40),
(4313, 25, 42, 41),
(4314, 25, 42, 42),
(4315, 25, 42, 43),
(4316, 25, 42, 44),
(4317, 25, 42, 45),
(4318, 25, 42, 46),
(4319, 25, 42, 47),
(4320, 25, 42, 48),
(4321, 25, 42, 49),
(4322, 25, 42, 50),
(4323, 25, 42, 51),
(4324, 25, 42, 52),
(4325, 25, 42, 53),
(4326, 25, 43, 1),
(4327, 25, 43, 2),
(4328, 25, 43, 3),
(4329, 25, 43, 4),
(4330, 25, 43, 5),
(4331, 25, 43, 6),
(4332, 25, 43, 7),
(4333, 25, 43, 8),
(4334, 25, 43, 9),
(4335, 25, 43, 10),
(4336, 25, 43, 11),
(4337, 25, 43, 12),
(4338, 25, 43, 13),
(4339, 25, 43, 14),
(4340, 25, 43, 15),
(4341, 25, 43, 16),
(4342, 25, 43, 17),
(4343, 25, 43, 18),
(4344, 25, 43, 19),
(4345, 25, 43, 20),
(4346, 25, 43, 21),
(4347, 25, 43, 22),
(4348, 25, 43, 23),
(4349, 25, 43, 24),
(4350, 25, 43, 25),
(4351, 25, 43, 26),
(4352, 25, 43, 27),
(4353, 25, 43, 28),
(4354, 25, 43, 29),
(4355, 25, 43, 30),
(4356, 25, 43, 31),
(4357, 25, 43, 32),
(4358, 25, 43, 33),
(4359, 25, 43, 34),
(4360, 25, 43, 35),
(4361, 25, 43, 36),
(4362, 25, 43, 37),
(4363, 25, 43, 38),
(4364, 25, 43, 39),
(4365, 25, 43, 40),
(4366, 25, 43, 41),
(4367, 25, 43, 42),
(4368, 25, 43, 43),
(4369, 25, 43, 44),
(4370, 25, 43, 45),
(4371, 25, 43, 46),
(4372, 25, 43, 47),
(4373, 25, 43, 48),
(4374, 25, 43, 49),
(4375, 25, 43, 50),
(4376, 25, 43, 51),
(4377, 25, 43, 52),
(4378, 25, 43, 53),
(4379, 25, 43, 54),
(4380, 25, 43, 55),
(4381, 25, 43, 56),
(4382, 25, 43, 57),
(4383, 25, 43, 58),
(4384, 25, 43, 59),
(4385, 25, 43, 60),
(4386, 25, 43, 61),
(4387, 25, 43, 62),
(4388, 25, 43, 63),
(4389, 25, 43, 64),
(4390, 25, 43, 65),
(4391, 25, 43, 66),
(4392, 25, 43, 67),
(4393, 25, 43, 68),
(4394, 25, 43, 69),
(4395, 25, 43, 70),
(4396, 25, 43, 71),
(4397, 25, 43, 72),
(4398, 25, 43, 73),
(4399, 25, 43, 74),
(4400, 25, 43, 75),
(4401, 25, 43, 76),
(4402, 25, 43, 77),
(4403, 25, 43, 78),
(4404, 25, 43, 79),
(4405, 25, 43, 80),
(4406, 25, 43, 81),
(4407, 25, 43, 82),
(4408, 25, 43, 83),
(4409, 25, 43, 84),
(4410, 25, 43, 85),
(4411, 25, 43, 86),
(4412, 25, 43, 87),
(4413, 25, 43, 88),
(4414, 25, 43, 89),
(4415, 25, 44, 1),
(4416, 25, 44, 2),
(4417, 25, 44, 3),
(4418, 25, 44, 4),
(4419, 25, 44, 5),
(4420, 25, 44, 6),
(4421, 25, 44, 7),
(4422, 25, 44, 8),
(4423, 25, 44, 9),
(4424, 25, 44, 10),
(4425, 25, 44, 11),
(4426, 25, 44, 12),
(4427, 25, 44, 13),
(4428, 25, 44, 14),
(4429, 25, 44, 15),
(4430, 25, 44, 16),
(4431, 25, 44, 17),
(4432, 25, 44, 18),
(4433, 25, 44, 19),
(4434, 25, 44, 20),
(4435, 25, 44, 21),
(4436, 25, 44, 22),
(4437, 25, 44, 23),
(4438, 25, 44, 24),
(4439, 25, 44, 25),
(4440, 25, 44, 26),
(4441, 25, 44, 27),
(4442, 25, 44, 28),
(4443, 25, 44, 29),
(4444, 25, 44, 30),
(4445, 25, 44, 31),
(4446, 25, 44, 32),
(4447, 25, 44, 33),
(4448, 25, 44, 34),
(4449, 25, 44, 35),
(4450, 25, 44, 36),
(4451, 25, 44, 37),
(4452, 25, 44, 38),
(4453, 25, 44, 39),
(4454, 25, 44, 40),
(4455, 25, 44, 41),
(4456, 25, 44, 42),
(4457, 25, 44, 43),
(4458, 25, 44, 44),
(4459, 25, 44, 45),
(4460, 25, 44, 46),
(4461, 25, 44, 47),
(4462, 25, 44, 48),
(4463, 25, 44, 49),
(4464, 25, 44, 50),
(4465, 25, 44, 51),
(4466, 25, 44, 52),
(4467, 25, 44, 53),
(4468, 25, 44, 54),
(4469, 25, 44, 55),
(4470, 25, 44, 56),
(4471, 25, 44, 57),
(4472, 25, 44, 58),
(4473, 25, 44, 59),
(4474, 25, 45, 1),
(4475, 25, 45, 2),
(4476, 25, 45, 3),
(4477, 25, 45, 4),
(4478, 25, 45, 5),
(4479, 25, 45, 6),
(4480, 25, 45, 7),
(4481, 25, 45, 8),
(4482, 25, 45, 9),
(4483, 25, 45, 10),
(4484, 25, 45, 11),
(4485, 25, 45, 12),
(4486, 25, 45, 13),
(4487, 25, 45, 14),
(4488, 25, 45, 15),
(4489, 25, 45, 16),
(4490, 25, 45, 17),
(4491, 25, 45, 18),
(4492, 25, 45, 19),
(4493, 25, 45, 20),
(4494, 25, 45, 21),
(4495, 25, 45, 22),
(4496, 25, 45, 23),
(4497, 25, 45, 24),
(4498, 25, 45, 25),
(4499, 25, 45, 26),
(4500, 25, 45, 27),
(4501, 25, 45, 28),
(4502, 25, 45, 29),
(4503, 25, 45, 30),
(4504, 25, 45, 31),
(4505, 25, 45, 32),
(4506, 25, 45, 33),
(4507, 25, 45, 34),
(4508, 25, 45, 35),
(4509, 25, 45, 36),
(4510, 25, 45, 37),
(4511, 26, 46, 1),
(4512, 26, 46, 2),
(4513, 26, 46, 3),
(4514, 26, 46, 4),
(4515, 26, 46, 5),
(4516, 26, 46, 6),
(4517, 26, 46, 7),
(4518, 26, 46, 8),
(4519, 26, 46, 9),
(4520, 26, 46, 10),
(4521, 26, 46, 11),
(4522, 26, 46, 12),
(4523, 26, 46, 13),
(4524, 26, 46, 14),
(4525, 26, 46, 15),
(4526, 26, 46, 16),
(4527, 26, 46, 17),
(4528, 26, 46, 18),
(4529, 26, 46, 19),
(4530, 26, 46, 20),
(4531, 26, 46, 21),
(4532, 26, 46, 22),
(4533, 26, 46, 23),
(4534, 26, 46, 24),
(4535, 26, 46, 25),
(4536, 26, 46, 26),
(4537, 26, 46, 27),
(4538, 26, 46, 28),
(4539, 26, 46, 29),
(4540, 26, 46, 30),
(4541, 26, 46, 31),
(4542, 26, 46, 32),
(4543, 26, 46, 33),
(4544, 26, 46, 34),
(4545, 26, 46, 35),
(4546, 26, 47, 1),
(4547, 26, 47, 2),
(4548, 26, 47, 3),
(4549, 26, 47, 4),
(4550, 26, 47, 5),
(4551, 26, 47, 6),
(4552, 26, 47, 7),
(4553, 26, 47, 8),
(4554, 26, 47, 9),
(4555, 26, 47, 10),
(4556, 26, 47, 11),
(4557, 26, 47, 12),
(4558, 26, 47, 13),
(4559, 26, 47, 14),
(4560, 26, 47, 15),
(4561, 26, 47, 16),
(4562, 26, 47, 17),
(4563, 26, 47, 18),
(4564, 26, 47, 19),
(4565, 26, 47, 20),
(4566, 26, 47, 21),
(4567, 26, 47, 22),
(4568, 26, 47, 23),
(4569, 26, 47, 24),
(4570, 26, 47, 25),
(4571, 26, 47, 26),
(4572, 26, 47, 27),
(4573, 26, 47, 28),
(4574, 26, 47, 29),
(4575, 26, 47, 30),
(4576, 26, 47, 31),
(4577, 26, 47, 32),
(4578, 26, 47, 33),
(4579, 26, 47, 34),
(4580, 26, 47, 35),
(4581, 26, 47, 36),
(4582, 26, 47, 37),
(4583, 26, 47, 38),
(4584, 26, 48, 1),
(4585, 26, 48, 2),
(4586, 26, 48, 3),
(4587, 26, 48, 4),
(4588, 26, 48, 5),
(4589, 26, 48, 6),
(4590, 26, 48, 7),
(4591, 26, 48, 8),
(4592, 26, 48, 9),
(4593, 26, 48, 10),
(4594, 26, 48, 11),
(4595, 26, 48, 12),
(4596, 26, 48, 13),
(4597, 26, 48, 14),
(4598, 26, 48, 15),
(4599, 26, 48, 16),
(4600, 26, 48, 17),
(4601, 26, 48, 18),
(4602, 26, 48, 19),
(4603, 26, 48, 20),
(4604, 26, 48, 21),
(4605, 26, 48, 22),
(4606, 26, 48, 23),
(4607, 26, 48, 24),
(4608, 26, 48, 25),
(4609, 26, 48, 26),
(4610, 26, 48, 27),
(4611, 26, 48, 28),
(4612, 26, 48, 29),
(4613, 26, 49, 1),
(4614, 26, 49, 2),
(4615, 26, 49, 3),
(4616, 26, 49, 4),
(4617, 26, 49, 5),
(4618, 26, 49, 6),
(4619, 26, 49, 7),
(4620, 26, 49, 8),
(4621, 26, 49, 9),
(4622, 26, 49, 10),
(4623, 26, 49, 11),
(4624, 26, 49, 12),
(4625, 26, 49, 13),
(4626, 26, 49, 14),
(4627, 26, 49, 15),
(4628, 26, 49, 16),
(4629, 26, 49, 17),
(4630, 26, 49, 18),
(4631, 26, 50, 1),
(4632, 26, 50, 2),
(4633, 26, 50, 3),
(4634, 26, 50, 4),
(4635, 26, 50, 5),
(4636, 26, 50, 6),
(4637, 26, 50, 7),
(4638, 26, 50, 8),
(4639, 26, 50, 9),
(4640, 26, 50, 10),
(4641, 26, 50, 11),
(4642, 26, 50, 12),
(4643, 26, 50, 13),
(4644, 26, 50, 14),
(4645, 26, 50, 15),
(4646, 26, 50, 16),
(4647, 26, 50, 17),
(4648, 26, 50, 18),
(4649, 26, 50, 19),
(4650, 26, 50, 20),
(4651, 26, 50, 21),
(4652, 26, 50, 22),
(4653, 26, 50, 23),
(4654, 26, 50, 24),
(4655, 26, 50, 25),
(4656, 26, 50, 26),
(4657, 26, 50, 27),
(4658, 26, 50, 28),
(4659, 26, 50, 29),
(4660, 26, 50, 30),
(4661, 26, 50, 31),
(4662, 26, 50, 32),
(4663, 26, 50, 33),
(4664, 26, 50, 34),
(4665, 26, 50, 35),
(4666, 26, 50, 36),
(4667, 26, 50, 37),
(4668, 26, 50, 38),
(4669, 26, 50, 39),
(4670, 26, 50, 40),
(4671, 26, 50, 41),
(4672, 26, 50, 42),
(4673, 26, 50, 43),
(4674, 26, 50, 44),
(4675, 26, 50, 45),
(4676, 26, 51, 1),
(4677, 26, 51, 2),
(4678, 26, 51, 3),
(4679, 26, 51, 4),
(4680, 26, 51, 5),
(4681, 26, 51, 6),
(4682, 26, 51, 7),
(4683, 26, 51, 8),
(4684, 26, 51, 9),
(4685, 26, 51, 10),
(4686, 26, 51, 11),
(4687, 26, 51, 12),
(4688, 26, 51, 13),
(4689, 26, 51, 14),
(4690, 26, 51, 15),
(4691, 26, 51, 16),
(4692, 26, 51, 17),
(4693, 26, 51, 18),
(4694, 26, 51, 19),
(4695, 26, 51, 20),
(4696, 26, 51, 21),
(4697, 26, 51, 22),
(4698, 26, 51, 23),
(4699, 26, 51, 24),
(4700, 26, 51, 25),
(4701, 26, 51, 26),
(4702, 26, 51, 27),
(4703, 26, 51, 28),
(4704, 26, 51, 29),
(4705, 26, 51, 30),
(4706, 27, 51, 31),
(4707, 27, 51, 32),
(4708, 27, 51, 33),
(4709, 27, 51, 34),
(4710, 27, 51, 35),
(4711, 27, 51, 36),
(4712, 27, 51, 37),
(4713, 27, 51, 38),
(4714, 27, 51, 39),
(4715, 27, 51, 40),
(4716, 27, 51, 41),
(4717, 27, 51, 42),
(4718, 27, 51, 43),
(4719, 27, 51, 44),
(4720, 27, 51, 45),
(4721, 27, 51, 46),
(4722, 27, 51, 47),
(4723, 27, 51, 48),
(4724, 27, 51, 49),
(4725, 27, 51, 50),
(4726, 27, 51, 51),
(4727, 27, 51, 52),
(4728, 27, 51, 53),
(4729, 27, 51, 54),
(4730, 27, 51, 55),
(4731, 27, 51, 56),
(4732, 27, 51, 57),
(4733, 27, 51, 58),
(4734, 27, 51, 59),
(4735, 27, 51, 60),
(4736, 27, 52, 1),
(4737, 27, 52, 2),
(4738, 27, 52, 3),
(4739, 27, 52, 4),
(4740, 27, 52, 5),
(4741, 27, 52, 6),
(4742, 27, 52, 7),
(4743, 27, 52, 8),
(4744, 27, 52, 9),
(4745, 27, 52, 10),
(4746, 27, 52, 11),
(4747, 27, 52, 12),
(4748, 27, 52, 13),
(4749, 27, 52, 14),
(4750, 27, 52, 15),
(4751, 27, 52, 16),
(4752, 27, 52, 17),
(4753, 27, 52, 18),
(4754, 27, 52, 19),
(4755, 27, 52, 20),
(4756, 27, 52, 21),
(4757, 27, 52, 22),
(4758, 27, 52, 23),
(4759, 27, 52, 24),
(4760, 27, 52, 25),
(4761, 27, 52, 26),
(4762, 27, 52, 27),
(4763, 27, 52, 28),
(4764, 27, 52, 29),
(4765, 27, 52, 30),
(4766, 27, 52, 31),
(4767, 27, 52, 32),
(4768, 27, 52, 33),
(4769, 27, 52, 34),
(4770, 27, 52, 35),
(4771, 27, 52, 36),
(4772, 27, 52, 37),
(4773, 27, 52, 38),
(4774, 27, 52, 39),
(4775, 27, 52, 40),
(4776, 27, 52, 41),
(4777, 27, 52, 42),
(4778, 27, 52, 43),
(4779, 27, 52, 44),
(4780, 27, 52, 45),
(4781, 27, 52, 46),
(4782, 27, 52, 47),
(4783, 27, 52, 48),
(4784, 27, 52, 49),
(4785, 27, 53, 1),
(4786, 27, 53, 2),
(4787, 27, 53, 3),
(4788, 27, 53, 4),
(4789, 27, 53, 5),
(4790, 27, 53, 6),
(4791, 27, 53, 7),
(4792, 27, 53, 8),
(4793, 27, 53, 9),
(4794, 27, 53, 10),
(4795, 27, 53, 11),
(4796, 27, 53, 12),
(4797, 27, 53, 13),
(4798, 27, 53, 14),
(4799, 27, 53, 15),
(4800, 27, 53, 16),
(4801, 27, 53, 17),
(4802, 27, 53, 18),
(4803, 27, 53, 19),
(4804, 27, 53, 20),
(4805, 27, 53, 21),
(4806, 27, 53, 22),
(4807, 27, 53, 23),
(4808, 27, 53, 24),
(4809, 27, 53, 25),
(4810, 27, 53, 26),
(4811, 27, 53, 27),
(4812, 27, 53, 28),
(4813, 27, 53, 29),
(4814, 27, 53, 30),
(4815, 27, 53, 31),
(4816, 27, 53, 32),
(4817, 27, 53, 33),
(4818, 27, 53, 34),
(4819, 27, 53, 35),
(4820, 27, 53, 36),
(4821, 27, 53, 37),
(4822, 27, 53, 38),
(4823, 27, 53, 39),
(4824, 27, 53, 40),
(4825, 27, 53, 41),
(4826, 27, 53, 42),
(4827, 27, 53, 43),
(4828, 27, 53, 44),
(4829, 27, 53, 45),
(4830, 27, 53, 46),
(4831, 27, 53, 47),
(4832, 27, 53, 48),
(4833, 27, 53, 49),
(4834, 27, 53, 50),
(4835, 27, 53, 51),
(4836, 27, 53, 52),
(4837, 27, 53, 53),
(4838, 27, 53, 54),
(4839, 27, 53, 55),
(4840, 27, 53, 56),
(4841, 27, 53, 57),
(4842, 27, 53, 58),
(4843, 27, 53, 59),
(4844, 27, 53, 60),
(4845, 27, 53, 61),
(4846, 27, 53, 62),
(4847, 27, 54, 1),
(4848, 27, 54, 2),
(4849, 27, 54, 3),
(4850, 27, 54, 4),
(4851, 27, 54, 5),
(4852, 27, 54, 6),
(4853, 27, 54, 7),
(4854, 27, 54, 8),
(4855, 27, 54, 9),
(4856, 27, 54, 10),
(4857, 27, 54, 11),
(4858, 27, 54, 12),
(4859, 27, 54, 13),
(4860, 27, 54, 14),
(4861, 27, 54, 15),
(4862, 27, 54, 16),
(4863, 27, 54, 17),
(4864, 27, 54, 18),
(4865, 27, 54, 19),
(4866, 27, 54, 20),
(4867, 27, 54, 21),
(4868, 27, 54, 22),
(4869, 27, 54, 23),
(4870, 27, 54, 24),
(4871, 27, 54, 25),
(4872, 27, 54, 26),
(4873, 27, 54, 27),
(4874, 27, 54, 28),
(4875, 27, 54, 29),
(4876, 27, 54, 30),
(4877, 27, 54, 31),
(4878, 27, 54, 32),
(4879, 27, 54, 33),
(4880, 27, 54, 34),
(4881, 27, 54, 35),
(4882, 27, 54, 36),
(4883, 27, 54, 37),
(4884, 27, 54, 38),
(4885, 27, 54, 39),
(4886, 27, 54, 40),
(4887, 27, 54, 41),
(4888, 27, 54, 42),
(4889, 27, 54, 43),
(4890, 27, 54, 44),
(4891, 27, 54, 45),
(4892, 27, 54, 46),
(4893, 27, 54, 47),
(4894, 27, 54, 48),
(4895, 27, 54, 49),
(4896, 27, 54, 50),
(4897, 27, 54, 51),
(4898, 27, 54, 52),
(4899, 27, 54, 53),
(4900, 27, 54, 54),
(4901, 27, 54, 55),
(4902, 27, 55, 1),
(4903, 27, 55, 2),
(4904, 27, 55, 3),
(4905, 27, 55, 4),
(4906, 27, 55, 5),
(4907, 27, 55, 6),
(4908, 27, 55, 7),
(4909, 27, 55, 8),
(4910, 27, 55, 9),
(4911, 27, 55, 10),
(4912, 27, 55, 11),
(4913, 27, 55, 12),
(4914, 27, 55, 13),
(4915, 27, 55, 14),
(4916, 27, 55, 15),
(4917, 27, 55, 16),
(4918, 27, 55, 17),
(4919, 27, 55, 18),
(4920, 27, 55, 19),
(4921, 27, 55, 20),
(4922, 27, 55, 21),
(4923, 27, 55, 22),
(4924, 27, 55, 23),
(4925, 27, 55, 24),
(4926, 27, 55, 25),
(4927, 27, 55, 26),
(4928, 27, 55, 27),
(4929, 27, 55, 28),
(4930, 27, 55, 29),
(4931, 27, 55, 30),
(4932, 27, 55, 31),
(4933, 27, 55, 32),
(4934, 27, 55, 33),
(4935, 27, 55, 34),
(4936, 27, 55, 35),
(4937, 27, 55, 36),
(4938, 27, 55, 37),
(4939, 27, 55, 38),
(4940, 27, 55, 39),
(4941, 27, 55, 40),
(4942, 27, 55, 41),
(4943, 27, 55, 42),
(4944, 27, 55, 43),
(4945, 27, 55, 44),
(4946, 27, 55, 45),
(4947, 27, 55, 46),
(4948, 27, 55, 47),
(4949, 27, 55, 48),
(4950, 27, 55, 49),
(4951, 27, 55, 50),
(4952, 27, 55, 51),
(4953, 27, 55, 52),
(4954, 27, 55, 53),
(4955, 27, 55, 54),
(4956, 27, 55, 55),
(4957, 27, 55, 56),
(4958, 27, 55, 57),
(4959, 27, 55, 58),
(4960, 27, 55, 59),
(4961, 27, 55, 60),
(4962, 27, 55, 61),
(4963, 27, 55, 62),
(4964, 27, 55, 63),
(4965, 27, 55, 64),
(4966, 27, 55, 65),
(4967, 27, 55, 66),
(4968, 27, 55, 67),
(4969, 27, 55, 68),
(4970, 27, 55, 69),
(4971, 27, 55, 70),
(4972, 27, 55, 71),
(4973, 27, 55, 72),
(4974, 27, 55, 73),
(4975, 27, 55, 74),
(4976, 27, 55, 75),
(4977, 27, 55, 76),
(4978, 27, 55, 77),
(4979, 27, 55, 78),
(4980, 27, 56, 1),
(4981, 27, 56, 2),
(4982, 27, 56, 3),
(4983, 27, 56, 4),
(4984, 27, 56, 5),
(4985, 27, 56, 6),
(4986, 27, 56, 7),
(4987, 27, 56, 8),
(4988, 27, 56, 9),
(4989, 27, 56, 10),
(4990, 27, 56, 11),
(4991, 27, 56, 12),
(4992, 27, 56, 13),
(4993, 27, 56, 14),
(4994, 27, 56, 15),
(4995, 27, 56, 16),
(4996, 27, 56, 17),
(4997, 27, 56, 18),
(4998, 27, 56, 19),
(4999, 27, 56, 20),
(5000, 27, 56, 21),
(5001, 27, 56, 22),
(5002, 27, 56, 23),
(5003, 27, 56, 24),
(5004, 27, 56, 25),
(5005, 27, 56, 26),
(5006, 27, 56, 27),
(5007, 27, 56, 28),
(5008, 27, 56, 29),
(5009, 27, 56, 30),
(5010, 27, 56, 31),
(5011, 27, 56, 32),
(5012, 27, 56, 33),
(5013, 27, 56, 34),
(5014, 27, 56, 35),
(5015, 27, 56, 36),
(5016, 27, 56, 37),
(5017, 27, 56, 38),
(5018, 27, 56, 39),
(5019, 27, 56, 40),
(5020, 27, 56, 41),
(5021, 27, 56, 42),
(5022, 27, 56, 43),
(5023, 27, 56, 44),
(5024, 27, 56, 45),
(5025, 27, 56, 46),
(5026, 27, 56, 47),
(5027, 27, 56, 48),
(5028, 27, 56, 49),
(5029, 27, 56, 50),
(5030, 27, 56, 51),
(5031, 27, 56, 52),
(5032, 27, 56, 53),
(5033, 27, 56, 54),
(5034, 27, 56, 55),
(5035, 27, 56, 56),
(5036, 27, 56, 57),
(5037, 27, 56, 58),
(5038, 27, 56, 59),
(5039, 27, 56, 60),
(5040, 27, 56, 61),
(5041, 27, 56, 62),
(5042, 27, 56, 63),
(5043, 27, 56, 64),
(5044, 27, 56, 65),
(5045, 27, 56, 66),
(5046, 27, 56, 67),
(5047, 27, 56, 68),
(5048, 27, 56, 69),
(5049, 27, 56, 70),
(5050, 27, 56, 71),
(5051, 27, 56, 72),
(5052, 27, 56, 73),
(5053, 27, 56, 74),
(5054, 27, 56, 75),
(5055, 27, 56, 76),
(5056, 27, 56, 77),
(5057, 27, 56, 78),
(5058, 27, 56, 79),
(5059, 27, 56, 80),
(5060, 27, 56, 81),
(5061, 27, 56, 82),
(5062, 27, 56, 83),
(5063, 27, 56, 84),
(5064, 27, 56, 85),
(5065, 27, 56, 86),
(5066, 27, 56, 87),
(5067, 27, 56, 88),
(5068, 27, 56, 89),
(5069, 27, 56, 90),
(5070, 27, 56, 91),
(5071, 27, 56, 92),
(5072, 27, 56, 93),
(5073, 27, 56, 94),
(5074, 27, 56, 95),
(5075, 27, 56, 96),
(5076, 27, 57, 1),
(5077, 27, 57, 2),
(5078, 27, 57, 3),
(5079, 27, 57, 4),
(5080, 27, 57, 5),
(5081, 27, 57, 6),
(5082, 27, 57, 7),
(5083, 27, 57, 8),
(5084, 27, 57, 9),
(5085, 27, 57, 10),
(5086, 27, 57, 11),
(5087, 27, 57, 12),
(5088, 27, 57, 13),
(5089, 27, 57, 14),
(5090, 27, 57, 15),
(5091, 27, 57, 16),
(5092, 27, 57, 17),
(5093, 27, 57, 18),
(5094, 27, 57, 19),
(5095, 27, 57, 20),
(5096, 27, 57, 21),
(5097, 27, 57, 22),
(5098, 27, 57, 23),
(5099, 27, 57, 24),
(5100, 27, 57, 25),
(5101, 27, 57, 26),
(5102, 27, 57, 27),
(5103, 27, 57, 28),
(5104, 27, 57, 29),
(5105, 28, 58, 1),
(5106, 28, 58, 2),
(5107, 28, 58, 3),
(5108, 28, 58, 4),
(5109, 28, 58, 5),
(5110, 28, 58, 6),
(5111, 28, 58, 7),
(5112, 28, 58, 8),
(5113, 28, 58, 9),
(5114, 28, 58, 10),
(5115, 28, 58, 11),
(5116, 28, 58, 12),
(5117, 28, 58, 13),
(5118, 28, 58, 14),
(5119, 28, 58, 15),
(5120, 28, 58, 16),
(5121, 28, 58, 17),
(5122, 28, 58, 18),
(5123, 28, 58, 19),
(5124, 28, 58, 20),
(5125, 28, 58, 21),
(5126, 28, 58, 22),
(5127, 28, 59, 1),
(5128, 28, 59, 2),
(5129, 28, 59, 3),
(5130, 28, 59, 4),
(5131, 28, 59, 5),
(5132, 28, 59, 6),
(5133, 28, 59, 7),
(5134, 28, 59, 8),
(5135, 28, 59, 9),
(5136, 28, 59, 10),
(5137, 28, 59, 11),
(5138, 28, 59, 12),
(5139, 28, 59, 13),
(5140, 28, 59, 14),
(5141, 28, 59, 15),
(5142, 28, 59, 16),
(5143, 28, 59, 17),
(5144, 28, 59, 18),
(5145, 28, 59, 19),
(5146, 28, 59, 20),
(5147, 28, 59, 21),
(5148, 28, 59, 22),
(5149, 28, 59, 23),
(5150, 28, 59, 24),
(5151, 28, 60, 1),
(5152, 28, 60, 2),
(5153, 28, 60, 3),
(5154, 28, 60, 4),
(5155, 28, 60, 5),
(5156, 28, 60, 6),
(5157, 28, 60, 7),
(5158, 28, 60, 8),
(5159, 28, 60, 9),
(5160, 28, 60, 10),
(5161, 28, 60, 11),
(5162, 28, 60, 12),
(5163, 28, 60, 13),
(5164, 28, 61, 1),
(5165, 28, 61, 2),
(5166, 28, 61, 3),
(5167, 28, 61, 4),
(5168, 28, 61, 5),
(5169, 28, 61, 6),
(5170, 28, 61, 7),
(5171, 28, 61, 8),
(5172, 28, 61, 9),
(5173, 28, 61, 10),
(5174, 28, 61, 11),
(5175, 28, 61, 12),
(5176, 28, 61, 13),
(5177, 28, 61, 14),
(5178, 28, 62, 1),
(5179, 28, 62, 2),
(5180, 28, 62, 3),
(5181, 28, 62, 4),
(5182, 28, 62, 5),
(5183, 28, 62, 6),
(5184, 28, 62, 7),
(5185, 28, 62, 8),
(5186, 28, 62, 9),
(5187, 28, 62, 10),
(5188, 28, 62, 11),
(5189, 28, 63, 1),
(5190, 28, 63, 2),
(5191, 28, 63, 3),
(5192, 28, 63, 4),
(5193, 28, 63, 5),
(5194, 28, 63, 6),
(5195, 28, 63, 7),
(5196, 28, 63, 8),
(5197, 28, 63, 9),
(5198, 28, 63, 10),
(5199, 28, 63, 11),
(5200, 28, 64, 1),
(5201, 28, 64, 2),
(5202, 28, 64, 3),
(5203, 28, 64, 4),
(5204, 28, 64, 5),
(5205, 28, 64, 6),
(5206, 28, 64, 7),
(5207, 28, 64, 8),
(5208, 28, 64, 9),
(5209, 28, 64, 10),
(5210, 28, 64, 11),
(5211, 28, 64, 12),
(5212, 28, 64, 13),
(5213, 28, 64, 14),
(5214, 28, 64, 15),
(5215, 28, 64, 16),
(5216, 28, 64, 17),
(5217, 28, 64, 18),
(5218, 28, 65, 1),
(5219, 28, 65, 2),
(5220, 28, 65, 3),
(5221, 28, 65, 4),
(5222, 28, 65, 5),
(5223, 28, 65, 6),
(5224, 28, 65, 7),
(5225, 28, 65, 8),
(5226, 28, 65, 9),
(5227, 28, 65, 10),
(5228, 28, 65, 11),
(5229, 28, 65, 12),
(5230, 28, 66, 1),
(5231, 28, 66, 2),
(5232, 28, 66, 3),
(5233, 28, 66, 4),
(5234, 28, 66, 5),
(5235, 28, 66, 6),
(5236, 28, 66, 7),
(5237, 28, 66, 8),
(5238, 28, 66, 9),
(5239, 28, 66, 10),
(5240, 28, 66, 11),
(5241, 28, 66, 12),
(5242, 29, 67, 1),
(5243, 29, 67, 2),
(5244, 29, 67, 3),
(5245, 29, 67, 4),
(5246, 29, 67, 5),
(5247, 29, 67, 6),
(5248, 29, 67, 7),
(5249, 29, 67, 8),
(5250, 29, 67, 9),
(5251, 29, 67, 10),
(5252, 29, 67, 11),
(5253, 29, 67, 12),
(5254, 29, 67, 13),
(5255, 29, 67, 14),
(5256, 29, 67, 15),
(5257, 29, 67, 16),
(5258, 29, 67, 17),
(5259, 29, 67, 18),
(5260, 29, 67, 19),
(5261, 29, 67, 20),
(5262, 29, 67, 21),
(5263, 29, 67, 22),
(5264, 29, 67, 23),
(5265, 29, 67, 24),
(5266, 29, 67, 25),
(5267, 29, 67, 26),
(5268, 29, 67, 27),
(5269, 29, 67, 28),
(5270, 29, 67, 29),
(5271, 29, 67, 30),
(5272, 29, 68, 1),
(5273, 29, 68, 2),
(5274, 29, 68, 3),
(5275, 29, 68, 4),
(5276, 29, 68, 5),
(5277, 29, 68, 6),
(5278, 29, 68, 7),
(5279, 29, 68, 8),
(5280, 29, 68, 9),
(5281, 29, 68, 10),
(5282, 29, 68, 11),
(5283, 29, 68, 12),
(5284, 29, 68, 13),
(5285, 29, 68, 14),
(5286, 29, 68, 15),
(5287, 29, 68, 16),
(5288, 29, 68, 17),
(5289, 29, 68, 18),
(5290, 29, 68, 19),
(5291, 29, 68, 20),
(5292, 29, 68, 21),
(5293, 29, 68, 22),
(5294, 29, 68, 23),
(5295, 29, 68, 24),
(5296, 29, 68, 25),
(5297, 29, 68, 26),
(5298, 29, 68, 27),
(5299, 29, 68, 28),
(5300, 29, 68, 29),
(5301, 29, 68, 30),
(5302, 29, 68, 31),
(5303, 29, 68, 32),
(5304, 29, 68, 33),
(5305, 29, 68, 34),
(5306, 29, 68, 35),
(5307, 29, 68, 36),
(5308, 29, 68, 37),
(5309, 29, 68, 38),
(5310, 29, 68, 39),
(5311, 29, 68, 40),
(5312, 29, 68, 41),
(5313, 29, 68, 42),
(5314, 29, 68, 43),
(5315, 29, 68, 44),
(5316, 29, 68, 45),
(5317, 29, 68, 46),
(5318, 29, 68, 47),
(5319, 29, 68, 48),
(5320, 29, 68, 49),
(5321, 29, 68, 50),
(5322, 29, 68, 51),
(5323, 29, 68, 52),
(5324, 29, 69, 1),
(5325, 29, 69, 2),
(5326, 29, 69, 3),
(5327, 29, 69, 4),
(5328, 29, 69, 5),
(5329, 29, 69, 6),
(5330, 29, 69, 7),
(5331, 29, 69, 8),
(5332, 29, 69, 9),
(5333, 29, 69, 10),
(5334, 29, 69, 11),
(5335, 29, 69, 12),
(5336, 29, 69, 13),
(5337, 29, 69, 14),
(5338, 29, 69, 15),
(5339, 29, 69, 16),
(5340, 29, 69, 17),
(5341, 29, 69, 18),
(5342, 29, 69, 19),
(5343, 29, 69, 20),
(5344, 29, 69, 21),
(5345, 29, 69, 22),
(5346, 29, 69, 23),
(5347, 29, 69, 24),
(5348, 29, 69, 25),
(5349, 29, 69, 26),
(5350, 29, 69, 27),
(5351, 29, 69, 28),
(5352, 29, 69, 29),
(5353, 29, 69, 30),
(5354, 29, 69, 31),
(5355, 29, 69, 32),
(5356, 29, 69, 33),
(5357, 29, 69, 34),
(5358, 29, 69, 35),
(5359, 29, 69, 36),
(5360, 29, 69, 37),
(5361, 29, 69, 38),
(5362, 29, 69, 39),
(5363, 29, 69, 40),
(5364, 29, 69, 41),
(5365, 29, 69, 42),
(5366, 29, 69, 43),
(5367, 29, 69, 44),
(5368, 29, 69, 45),
(5369, 29, 69, 46),
(5370, 29, 69, 47),
(5371, 29, 69, 48),
(5372, 29, 69, 49),
(5373, 29, 69, 50),
(5374, 29, 69, 51),
(5375, 29, 69, 52),
(5376, 29, 70, 1),
(5377, 29, 70, 2),
(5378, 29, 70, 3),
(5379, 29, 70, 4),
(5380, 29, 70, 5),
(5381, 29, 70, 6),
(5382, 29, 70, 7),
(5383, 29, 70, 8),
(5384, 29, 70, 9),
(5385, 29, 70, 10),
(5386, 29, 70, 11),
(5387, 29, 70, 12),
(5388, 29, 70, 13),
(5389, 29, 70, 14),
(5390, 29, 70, 15),
(5391, 29, 70, 16),
(5392, 29, 70, 17),
(5393, 29, 70, 18),
(5394, 29, 70, 19),
(5395, 29, 70, 20),
(5396, 29, 70, 21),
(5397, 29, 70, 22),
(5398, 29, 70, 23),
(5399, 29, 70, 24),
(5400, 29, 70, 25),
(5401, 29, 70, 26),
(5402, 29, 70, 27),
(5403, 29, 70, 28),
(5404, 29, 70, 29),
(5405, 29, 70, 30),
(5406, 29, 70, 31),
(5407, 29, 70, 32),
(5408, 29, 70, 33),
(5409, 29, 70, 34),
(5410, 29, 70, 35),
(5411, 29, 70, 36),
(5412, 29, 70, 37),
(5413, 29, 70, 38),
(5414, 29, 70, 39),
(5415, 29, 70, 40),
(5416, 29, 70, 41),
(5417, 29, 70, 42),
(5418, 29, 70, 43),
(5419, 29, 70, 44),
(5420, 29, 71, 1),
(5421, 29, 71, 2),
(5422, 29, 71, 3),
(5423, 29, 71, 4),
(5424, 29, 71, 5),
(5425, 29, 71, 6),
(5426, 29, 71, 7),
(5427, 29, 71, 8),
(5428, 29, 71, 9),
(5429, 29, 71, 10),
(5430, 29, 71, 11),
(5431, 29, 71, 12),
(5432, 29, 71, 13),
(5433, 29, 71, 14),
(5434, 29, 71, 15),
(5435, 29, 71, 16),
(5436, 29, 71, 17),
(5437, 29, 71, 18),
(5438, 29, 71, 19),
(5439, 29, 71, 20),
(5440, 29, 71, 21),
(5441, 29, 71, 22),
(5442, 29, 71, 23),
(5443, 29, 71, 24),
(5444, 29, 71, 25),
(5445, 29, 71, 26),
(5446, 29, 71, 27),
(5447, 29, 71, 28),
(5448, 29, 72, 1),
(5449, 29, 72, 2),
(5450, 29, 72, 3),
(5451, 29, 72, 4),
(5452, 29, 72, 5),
(5453, 29, 72, 6),
(5454, 29, 72, 7),
(5455, 29, 72, 8),
(5456, 29, 72, 9),
(5457, 29, 72, 10),
(5458, 29, 72, 11),
(5459, 29, 72, 12),
(5460, 29, 72, 13),
(5461, 29, 72, 14),
(5462, 29, 72, 15),
(5463, 29, 72, 16),
(5464, 29, 72, 17),
(5465, 29, 72, 18),
(5466, 29, 72, 19),
(5467, 29, 72, 20),
(5468, 29, 72, 21),
(5469, 29, 72, 22),
(5470, 29, 72, 23),
(5471, 29, 72, 24),
(5472, 29, 72, 25),
(5473, 29, 72, 26),
(5474, 29, 72, 27),
(5475, 29, 72, 28),
(5476, 29, 73, 1),
(5477, 29, 73, 2),
(5478, 29, 73, 3),
(5479, 29, 73, 4),
(5480, 29, 73, 5),
(5481, 29, 73, 6),
(5482, 29, 73, 7),
(5483, 29, 73, 8),
(5484, 29, 73, 9),
(5485, 29, 73, 10),
(5486, 29, 73, 11),
(5487, 29, 73, 12),
(5488, 29, 73, 13),
(5489, 29, 73, 14),
(5490, 29, 73, 15),
(5491, 29, 73, 16),
(5492, 29, 73, 17),
(5493, 29, 73, 18),
(5494, 29, 73, 19),
(5495, 29, 73, 20),
(5496, 29, 74, 1),
(5497, 29, 74, 2),
(5498, 29, 74, 3),
(5499, 29, 74, 4),
(5500, 29, 74, 5),
(5501, 29, 74, 6),
(5502, 29, 74, 7),
(5503, 29, 74, 8),
(5504, 29, 74, 9),
(5505, 29, 74, 10),
(5506, 29, 74, 11),
(5507, 29, 74, 12),
(5508, 29, 74, 13),
(5509, 29, 74, 14),
(5510, 29, 74, 15),
(5511, 29, 74, 16),
(5512, 29, 74, 17),
(5513, 29, 74, 18),
(5514, 29, 74, 19),
(5515, 29, 74, 20),
(5516, 29, 74, 21),
(5517, 29, 74, 22),
(5518, 29, 74, 23),
(5519, 29, 74, 24),
(5520, 29, 74, 25),
(5521, 29, 74, 26),
(5522, 29, 74, 27),
(5523, 29, 74, 28),
(5524, 29, 74, 29),
(5525, 29, 74, 30),
(5526, 29, 74, 31),
(5527, 29, 74, 32),
(5528, 29, 74, 33),
(5529, 29, 74, 34),
(5530, 29, 74, 35),
(5531, 29, 74, 36),
(5532, 29, 74, 37),
(5533, 29, 74, 38),
(5534, 29, 74, 39),
(5535, 29, 74, 40),
(5536, 29, 74, 41),
(5537, 29, 74, 42),
(5538, 29, 74, 43),
(5539, 29, 74, 44),
(5540, 29, 74, 45),
(5541, 29, 74, 46),
(5542, 29, 74, 47),
(5543, 29, 74, 48),
(5544, 29, 74, 49),
(5545, 29, 74, 50),
(5546, 29, 74, 51),
(5547, 29, 74, 52),
(5548, 29, 74, 53),
(5549, 29, 74, 54),
(5550, 29, 74, 55),
(5551, 29, 74, 56),
(5552, 29, 75, 1),
(5553, 29, 75, 2),
(5554, 29, 75, 3),
(5555, 29, 75, 4),
(5556, 29, 75, 5),
(5557, 29, 75, 6),
(5558, 29, 75, 7),
(5559, 29, 75, 8),
(5560, 29, 75, 9),
(5561, 29, 75, 10),
(5562, 29, 75, 11),
(5563, 29, 75, 12),
(5564, 29, 75, 13),
(5565, 29, 75, 14),
(5566, 29, 75, 15),
(5567, 29, 75, 16),
(5568, 29, 75, 17),
(5569, 29, 75, 18),
(5570, 29, 75, 19),
(5571, 29, 75, 20),
(5572, 29, 75, 21),
(5573, 29, 75, 22),
(5574, 29, 75, 23),
(5575, 29, 75, 24),
(5576, 29, 75, 25),
(5577, 29, 75, 26),
(5578, 29, 75, 27),
(5579, 29, 75, 28),
(5580, 29, 75, 29),
(5581, 29, 75, 30),
(5582, 29, 75, 31),
(5583, 29, 75, 32),
(5584, 29, 75, 33),
(5585, 29, 75, 34),
(5586, 29, 75, 35),
(5587, 29, 75, 36),
(5588, 29, 75, 37),
(5589, 29, 75, 38),
(5590, 29, 75, 39),
(5591, 29, 75, 40),
(5592, 29, 76, 1),
(5593, 29, 76, 2),
(5594, 29, 76, 3),
(5595, 29, 76, 4),
(5596, 29, 76, 5),
(5597, 29, 76, 6),
(5598, 29, 76, 7),
(5599, 29, 76, 8),
(5600, 29, 76, 9),
(5601, 29, 76, 10),
(5602, 29, 76, 11),
(5603, 29, 76, 12),
(5604, 29, 76, 13),
(5605, 29, 76, 14),
(5606, 29, 76, 15),
(5607, 29, 76, 16),
(5608, 29, 76, 17),
(5609, 29, 76, 18),
(5610, 29, 76, 19),
(5611, 29, 76, 20),
(5612, 29, 76, 21),
(5613, 29, 76, 22),
(5614, 29, 76, 23),
(5615, 29, 76, 24),
(5616, 29, 76, 25),
(5617, 29, 76, 26),
(5618, 29, 76, 27),
(5619, 29, 76, 28),
(5620, 29, 76, 29),
(5621, 29, 76, 30),
(5622, 29, 76, 31),
(5623, 29, 77, 1),
(5624, 29, 77, 2),
(5625, 29, 77, 3),
(5626, 29, 77, 4),
(5627, 29, 77, 5),
(5628, 29, 77, 6),
(5629, 29, 77, 7),
(5630, 29, 77, 8),
(5631, 29, 77, 9),
(5632, 29, 77, 10),
(5633, 29, 77, 11),
(5634, 29, 77, 12),
(5635, 29, 77, 13),
(5636, 29, 77, 14),
(5637, 29, 77, 15),
(5638, 29, 77, 16),
(5639, 29, 77, 17),
(5640, 29, 77, 18),
(5641, 29, 77, 19),
(5642, 29, 77, 20),
(5643, 29, 77, 21),
(5644, 29, 77, 22),
(5645, 29, 77, 23),
(5646, 29, 77, 24),
(5647, 29, 77, 25),
(5648, 29, 77, 26),
(5649, 29, 77, 27),
(5650, 29, 77, 28),
(5651, 29, 77, 29),
(5652, 29, 77, 30),
(5653, 29, 77, 31),
(5654, 29, 77, 32),
(5655, 29, 77, 33),
(5656, 29, 77, 34),
(5657, 29, 77, 35),
(5658, 29, 77, 36),
(5659, 29, 77, 37),
(5660, 29, 77, 38),
(5661, 29, 77, 39),
(5662, 29, 77, 40),
(5663, 29, 77, 41),
(5664, 29, 77, 42),
(5665, 29, 77, 43),
(5666, 29, 77, 44),
(5667, 29, 77, 45),
(5668, 29, 77, 46),
(5669, 29, 77, 47),
(5670, 29, 77, 48),
(5671, 29, 77, 49),
(5672, 29, 77, 50),
(5673, 30, 78, 1),
(5674, 30, 78, 2),
(5675, 30, 78, 3),
(5676, 30, 78, 4),
(5677, 30, 78, 5),
(5678, 30, 78, 6),
(5679, 30, 78, 7),
(5680, 30, 78, 8),
(5681, 30, 78, 9),
(5682, 30, 78, 10),
(5683, 30, 78, 11),
(5684, 30, 78, 12),
(5685, 30, 78, 13),
(5686, 30, 78, 14),
(5687, 30, 78, 15),
(5688, 30, 78, 16),
(5689, 30, 78, 17),
(5690, 30, 78, 18),
(5691, 30, 78, 19),
(5692, 30, 78, 20),
(5693, 30, 78, 21),
(5694, 30, 78, 22),
(5695, 30, 78, 23),
(5696, 30, 78, 24),
(5697, 30, 78, 25),
(5698, 30, 78, 26),
(5699, 30, 78, 27),
(5700, 30, 78, 28),
(5701, 30, 78, 29),
(5702, 30, 78, 30),
(5703, 30, 78, 31),
(5704, 30, 78, 32),
(5705, 30, 78, 33),
(5706, 30, 78, 34),
(5707, 30, 78, 35),
(5708, 30, 78, 36),
(5709, 30, 78, 37),
(5710, 30, 78, 38),
(5711, 30, 78, 39),
(5712, 30, 78, 40),
(5713, 30, 79, 1),
(5714, 30, 79, 2),
(5715, 30, 79, 3),
(5716, 30, 79, 4),
(5717, 30, 79, 5),
(5718, 30, 79, 6),
(5719, 30, 79, 7),
(5720, 30, 79, 8),
(5721, 30, 79, 9),
(5722, 30, 79, 10),
(5723, 30, 79, 11),
(5724, 30, 79, 12),
(5725, 30, 79, 13),
(5726, 30, 79, 14),
(5727, 30, 79, 15),
(5728, 30, 79, 16),
(5729, 30, 79, 17),
(5730, 30, 79, 18),
(5731, 30, 79, 19),
(5732, 30, 79, 20),
(5733, 30, 79, 21),
(5734, 30, 79, 22),
(5735, 30, 79, 23),
(5736, 30, 79, 24),
(5737, 30, 79, 25),
(5738, 30, 79, 26);
INSERT INTO `quran` (`qid`, `juz`, `suratid`, `ayat`) VALUES
(5739, 30, 79, 27),
(5740, 30, 79, 28),
(5741, 30, 79, 29),
(5742, 30, 79, 30),
(5743, 30, 79, 31),
(5744, 30, 79, 32),
(5745, 30, 79, 33),
(5746, 30, 79, 34),
(5747, 30, 79, 35),
(5748, 30, 79, 36),
(5749, 30, 79, 37),
(5750, 30, 79, 38),
(5751, 30, 79, 39),
(5752, 30, 79, 40),
(5753, 30, 79, 41),
(5754, 30, 79, 42),
(5755, 30, 79, 43),
(5756, 30, 79, 44),
(5757, 30, 79, 45),
(5758, 30, 79, 46),
(5759, 30, 80, 1),
(5760, 30, 80, 2),
(5761, 30, 80, 3),
(5762, 30, 80, 4),
(5763, 30, 80, 5),
(5764, 30, 80, 6),
(5765, 30, 80, 7),
(5766, 30, 80, 8),
(5767, 30, 80, 9),
(5768, 30, 80, 10),
(5769, 30, 80, 11),
(5770, 30, 80, 12),
(5771, 30, 80, 13),
(5772, 30, 80, 14),
(5773, 30, 80, 15),
(5774, 30, 80, 16),
(5775, 30, 80, 17),
(5776, 30, 80, 18),
(5777, 30, 80, 19),
(5778, 30, 80, 20),
(5779, 30, 80, 21),
(5780, 30, 80, 22),
(5781, 30, 80, 23),
(5782, 30, 80, 24),
(5783, 30, 80, 25),
(5784, 30, 80, 26),
(5785, 30, 80, 27),
(5786, 30, 80, 28),
(5787, 30, 80, 29),
(5788, 30, 80, 30),
(5789, 30, 80, 31),
(5790, 30, 80, 32),
(5791, 30, 80, 33),
(5792, 30, 80, 34),
(5793, 30, 80, 35),
(5794, 30, 80, 36),
(5795, 30, 80, 37),
(5796, 30, 80, 38),
(5797, 30, 80, 39),
(5798, 30, 80, 40),
(5799, 30, 80, 41),
(5800, 30, 80, 42),
(5801, 30, 81, 1),
(5802, 30, 81, 2),
(5803, 30, 81, 3),
(5804, 30, 81, 4),
(5805, 30, 81, 5),
(5806, 30, 81, 6),
(5807, 30, 81, 7),
(5808, 30, 81, 8),
(5809, 30, 81, 9),
(5810, 30, 81, 10),
(5811, 30, 81, 11),
(5812, 30, 81, 12),
(5813, 30, 81, 13),
(5814, 30, 81, 14),
(5815, 30, 81, 15),
(5816, 30, 81, 16),
(5817, 30, 81, 17),
(5818, 30, 81, 18),
(5819, 30, 81, 19),
(5820, 30, 81, 20),
(5821, 30, 81, 21),
(5822, 30, 81, 22),
(5823, 30, 81, 23),
(5824, 30, 81, 24),
(5825, 30, 81, 25),
(5826, 30, 81, 26),
(5827, 30, 81, 27),
(5828, 30, 81, 28),
(5829, 30, 81, 29),
(5830, 30, 82, 1),
(5831, 30, 82, 2),
(5832, 30, 82, 3),
(5833, 30, 82, 4),
(5834, 30, 82, 5),
(5835, 30, 82, 6),
(5836, 30, 82, 7),
(5837, 30, 82, 8),
(5838, 30, 82, 9),
(5839, 30, 82, 10),
(5840, 30, 82, 11),
(5841, 30, 82, 12),
(5842, 30, 82, 13),
(5843, 30, 82, 14),
(5844, 30, 82, 15),
(5845, 30, 82, 16),
(5846, 30, 82, 17),
(5847, 30, 82, 18),
(5848, 30, 82, 19),
(5849, 30, 83, 1),
(5850, 30, 83, 2),
(5851, 30, 83, 3),
(5852, 30, 83, 4),
(5853, 30, 83, 5),
(5854, 30, 83, 6),
(5855, 30, 83, 7),
(5856, 30, 83, 8),
(5857, 30, 83, 9),
(5858, 30, 83, 10),
(5859, 30, 83, 11),
(5860, 30, 83, 12),
(5861, 30, 83, 13),
(5862, 30, 83, 14),
(5863, 30, 83, 15),
(5864, 30, 83, 16),
(5865, 30, 83, 17),
(5866, 30, 83, 18),
(5867, 30, 83, 19),
(5868, 30, 83, 20),
(5869, 30, 83, 21),
(5870, 30, 83, 22),
(5871, 30, 83, 23),
(5872, 30, 83, 24),
(5873, 30, 83, 25),
(5874, 30, 83, 26),
(5875, 30, 83, 27),
(5876, 30, 83, 28),
(5877, 30, 83, 29),
(5878, 30, 83, 30),
(5879, 30, 83, 31),
(5880, 30, 83, 32),
(5881, 30, 83, 33),
(5882, 30, 83, 34),
(5883, 30, 83, 35),
(5884, 30, 83, 36),
(5885, 30, 84, 1),
(5886, 30, 84, 2),
(5887, 30, 84, 3),
(5888, 30, 84, 4),
(5889, 30, 84, 5),
(5890, 30, 84, 6),
(5891, 30, 84, 7),
(5892, 30, 84, 8),
(5893, 30, 84, 9),
(5894, 30, 84, 10),
(5895, 30, 84, 11),
(5896, 30, 84, 12),
(5897, 30, 84, 13),
(5898, 30, 84, 14),
(5899, 30, 84, 15),
(5900, 30, 84, 16),
(5901, 30, 84, 17),
(5902, 30, 84, 18),
(5903, 30, 84, 19),
(5904, 30, 84, 20),
(5905, 30, 84, 21),
(5906, 30, 84, 22),
(5907, 30, 84, 23),
(5908, 30, 84, 24),
(5909, 30, 84, 25),
(5910, 30, 85, 1),
(5911, 30, 85, 2),
(5912, 30, 85, 3),
(5913, 30, 85, 4),
(5914, 30, 85, 5),
(5915, 30, 85, 6),
(5916, 30, 85, 7),
(5917, 30, 85, 8),
(5918, 30, 85, 9),
(5919, 30, 85, 10),
(5920, 30, 85, 11),
(5921, 30, 85, 12),
(5922, 30, 85, 13),
(5923, 30, 85, 14),
(5924, 30, 85, 15),
(5925, 30, 85, 16),
(5926, 30, 85, 17),
(5927, 30, 85, 18),
(5928, 30, 85, 19),
(5929, 30, 85, 20),
(5930, 30, 85, 21),
(5931, 30, 85, 22),
(5932, 30, 86, 1),
(5933, 30, 86, 2),
(5934, 30, 86, 3),
(5935, 30, 86, 4),
(5936, 30, 86, 5),
(5937, 30, 86, 6),
(5938, 30, 86, 7),
(5939, 30, 86, 8),
(5940, 30, 86, 9),
(5941, 30, 86, 10),
(5942, 30, 86, 11),
(5943, 30, 86, 12),
(5944, 30, 86, 13),
(5945, 30, 86, 14),
(5946, 30, 86, 15),
(5947, 30, 86, 16),
(5948, 30, 86, 17),
(5949, 30, 87, 1),
(5950, 30, 87, 2),
(5951, 30, 87, 3),
(5952, 30, 87, 4),
(5953, 30, 87, 5),
(5954, 30, 87, 6),
(5955, 30, 87, 7),
(5956, 30, 87, 8),
(5957, 30, 87, 9),
(5958, 30, 87, 10),
(5959, 30, 87, 11),
(5960, 30, 87, 12),
(5961, 30, 87, 13),
(5962, 30, 87, 14),
(5963, 30, 87, 15),
(5964, 30, 87, 16),
(5965, 30, 87, 17),
(5966, 30, 87, 18),
(5967, 30, 87, 19),
(5968, 30, 88, 1),
(5969, 30, 88, 2),
(5970, 30, 88, 3),
(5971, 30, 88, 4),
(5972, 30, 88, 5),
(5973, 30, 88, 6),
(5974, 30, 88, 7),
(5975, 30, 88, 8),
(5976, 30, 88, 9),
(5977, 30, 88, 10),
(5978, 30, 88, 11),
(5979, 30, 88, 12),
(5980, 30, 88, 13),
(5981, 30, 88, 14),
(5982, 30, 88, 15),
(5983, 30, 88, 16),
(5984, 30, 88, 17),
(5985, 30, 88, 18),
(5986, 30, 88, 19),
(5987, 30, 88, 20),
(5988, 30, 88, 21),
(5989, 30, 88, 22),
(5990, 30, 88, 23),
(5991, 30, 88, 24),
(5992, 30, 88, 25),
(5993, 30, 88, 26),
(5994, 30, 89, 1),
(5995, 30, 89, 2),
(5996, 30, 89, 3),
(5997, 30, 89, 4),
(5998, 30, 89, 5),
(5999, 30, 89, 6),
(6000, 30, 89, 7),
(6001, 30, 89, 8),
(6002, 30, 89, 9),
(6003, 30, 89, 10),
(6004, 30, 89, 11),
(6005, 30, 89, 12),
(6006, 30, 89, 13),
(6007, 30, 89, 14),
(6008, 30, 89, 15),
(6009, 30, 89, 16),
(6010, 30, 89, 17),
(6011, 30, 89, 18),
(6012, 30, 89, 19),
(6013, 30, 89, 20),
(6014, 30, 89, 21),
(6015, 30, 89, 22),
(6016, 30, 89, 23),
(6017, 30, 89, 24),
(6018, 30, 89, 25),
(6019, 30, 89, 26),
(6020, 30, 89, 27),
(6021, 30, 89, 28),
(6022, 30, 89, 29),
(6023, 30, 89, 30),
(6024, 30, 90, 1),
(6025, 30, 90, 2),
(6026, 30, 90, 3),
(6027, 30, 90, 4),
(6028, 30, 90, 5),
(6029, 30, 90, 6),
(6030, 30, 90, 7),
(6031, 30, 90, 8),
(6032, 30, 90, 9),
(6033, 30, 90, 10),
(6034, 30, 90, 11),
(6035, 30, 90, 12),
(6036, 30, 90, 13),
(6037, 30, 90, 14),
(6038, 30, 90, 15),
(6039, 30, 90, 16),
(6040, 30, 90, 17),
(6041, 30, 90, 18),
(6042, 30, 90, 19),
(6043, 30, 90, 20),
(6044, 30, 91, 1),
(6045, 30, 91, 2),
(6046, 30, 91, 3),
(6047, 30, 91, 4),
(6048, 30, 91, 5),
(6049, 30, 91, 6),
(6050, 30, 91, 7),
(6051, 30, 91, 8),
(6052, 30, 91, 9),
(6053, 30, 91, 10),
(6054, 30, 91, 11),
(6055, 30, 91, 12),
(6056, 30, 91, 13),
(6057, 30, 91, 14),
(6058, 30, 91, 15),
(6059, 30, 92, 1),
(6060, 30, 92, 2),
(6061, 30, 92, 3),
(6062, 30, 92, 4),
(6063, 30, 92, 5),
(6064, 30, 92, 6),
(6065, 30, 92, 7),
(6066, 30, 92, 8),
(6067, 30, 92, 9),
(6068, 30, 92, 10),
(6069, 30, 92, 11),
(6070, 30, 92, 12),
(6071, 30, 92, 13),
(6072, 30, 92, 14),
(6073, 30, 92, 15),
(6074, 30, 92, 16),
(6075, 30, 92, 17),
(6076, 30, 92, 18),
(6077, 30, 92, 19),
(6078, 30, 92, 20),
(6079, 30, 92, 21),
(6080, 30, 93, 1),
(6081, 30, 93, 2),
(6082, 30, 93, 3),
(6083, 30, 93, 4),
(6084, 30, 93, 5),
(6085, 30, 93, 6),
(6086, 30, 93, 7),
(6087, 30, 93, 8),
(6088, 30, 93, 9),
(6089, 30, 93, 10),
(6090, 30, 93, 11),
(6091, 30, 94, 1),
(6092, 30, 94, 2),
(6093, 30, 94, 3),
(6094, 30, 94, 4),
(6095, 30, 94, 5),
(6096, 30, 94, 6),
(6097, 30, 94, 7),
(6098, 30, 94, 8),
(6099, 30, 95, 1),
(6100, 30, 95, 2),
(6101, 30, 95, 3),
(6102, 30, 95, 4),
(6103, 30, 95, 5),
(6104, 30, 95, 6),
(6105, 30, 95, 7),
(6106, 30, 95, 8),
(6107, 30, 96, 1),
(6108, 30, 96, 2),
(6109, 30, 96, 3),
(6110, 30, 96, 4),
(6111, 30, 96, 5),
(6112, 30, 96, 6),
(6113, 30, 96, 7),
(6114, 30, 96, 8),
(6115, 30, 96, 9),
(6116, 30, 96, 10),
(6117, 30, 96, 11),
(6118, 30, 96, 12),
(6119, 30, 96, 13),
(6120, 30, 96, 14),
(6121, 30, 96, 15),
(6122, 30, 96, 16),
(6123, 30, 96, 17),
(6124, 30, 96, 18),
(6125, 30, 96, 19),
(6126, 30, 97, 1),
(6127, 30, 97, 2),
(6128, 30, 97, 3),
(6129, 30, 97, 4),
(6130, 30, 97, 5),
(6131, 30, 98, 1),
(6132, 30, 98, 2),
(6133, 30, 98, 3),
(6134, 30, 98, 4),
(6135, 30, 98, 5),
(6136, 30, 98, 6),
(6137, 30, 98, 7),
(6138, 30, 98, 8),
(6139, 30, 99, 1),
(6140, 30, 99, 2),
(6141, 30, 99, 3),
(6142, 30, 99, 4),
(6143, 30, 99, 5),
(6144, 30, 99, 6),
(6145, 30, 99, 7),
(6146, 30, 99, 8),
(6147, 30, 100, 1),
(6148, 30, 100, 2),
(6149, 30, 100, 3),
(6150, 30, 100, 4),
(6151, 30, 100, 5),
(6152, 30, 100, 6),
(6153, 30, 100, 7),
(6154, 30, 100, 8),
(6155, 30, 100, 9),
(6156, 30, 100, 10),
(6157, 30, 100, 11),
(6158, 30, 101, 1),
(6159, 30, 101, 2),
(6160, 30, 101, 3),
(6161, 30, 101, 4),
(6162, 30, 101, 5),
(6163, 30, 101, 6),
(6164, 30, 101, 7),
(6165, 30, 101, 8),
(6166, 30, 101, 9),
(6167, 30, 101, 10),
(6168, 30, 101, 11),
(6169, 30, 102, 1),
(6170, 30, 102, 2),
(6171, 30, 102, 3),
(6172, 30, 102, 4),
(6173, 30, 102, 5),
(6174, 30, 102, 6),
(6175, 30, 102, 7),
(6176, 30, 102, 8),
(6177, 30, 103, 1),
(6178, 30, 103, 2),
(6179, 30, 103, 3),
(6180, 30, 104, 1),
(6181, 30, 104, 2),
(6182, 30, 104, 3),
(6183, 30, 104, 4),
(6184, 30, 104, 5),
(6185, 30, 104, 6),
(6186, 30, 104, 7),
(6187, 30, 104, 8),
(6188, 30, 104, 9),
(6189, 30, 105, 1),
(6190, 30, 105, 2),
(6191, 30, 105, 3),
(6192, 30, 105, 4),
(6193, 30, 105, 5),
(6194, 30, 106, 1),
(6195, 30, 106, 2),
(6196, 30, 106, 3),
(6197, 30, 106, 4),
(6198, 30, 107, 1),
(6199, 30, 107, 2),
(6200, 30, 107, 3),
(6201, 30, 107, 4),
(6202, 30, 107, 5),
(6203, 30, 107, 6),
(6204, 30, 107, 7),
(6205, 30, 108, 1),
(6206, 30, 108, 2),
(6207, 30, 108, 3),
(6208, 30, 109, 1),
(6209, 30, 109, 2),
(6210, 30, 109, 3),
(6211, 30, 109, 4),
(6212, 30, 109, 5),
(6213, 30, 109, 6),
(6214, 30, 110, 1),
(6215, 30, 110, 2),
(6216, 30, 110, 3),
(6217, 30, 111, 1),
(6218, 30, 111, 2),
(6219, 30, 111, 3),
(6220, 30, 111, 4),
(6221, 30, 111, 5),
(6222, 30, 112, 1),
(6223, 30, 112, 2),
(6224, 30, 112, 3),
(6225, 30, 112, 4),
(6226, 30, 113, 1),
(6227, 30, 113, 2),
(6228, 30, 113, 3),
(6229, 30, 113, 4),
(6230, 30, 113, 5),
(6231, 30, 114, 1),
(6232, 30, 114, 2),
(6233, 30, 114, 3),
(6234, 30, 114, 4),
(6235, 30, 114, 5),
(6236, 30, 114, 6);

-- --------------------------------------------------------

--
-- Table structure for table `skor_hapalan`
--

CREATE TABLE `skor_hapalan` (
  `skor` int(1) NOT NULL,
  `status` varchar(16) NOT NULL
) ENGINE=InnoDB DEFAULT CHARSET=latin1;

--
-- Dumping data for table `skor_hapalan`
--

INSERT INTO `skor_hapalan` (`skor`, `status`) VALUES
(0, 'Rasib'),
(1, 'Maqbul'),
(2, 'Jayyid'),
(3, 'Jayyid Jiddan'),
(4, 'Mumtaz');

-- --------------------------------------------------------

--
-- Table structure for table `surat`
--

CREATE TABLE `surat` (
  `suratid` int(3) NOT NULL,
  `namasurat` varchar(255) NOT NULL
) ENGINE=InnoDB DEFAULT CHARSET=latin1;

--
-- Dumping data for table `surat`
--

INSERT INTO `surat` (`suratid`, `namasurat`) VALUES
(1, 'Al Fatihah'),
(2, 'Al Baqarah'),
(3, 'Ali Imran'),
(4, 'An Nisa'''),
(5, 'Al Maidah'),
(6, 'Al An''am'),
(7, 'Al A''araf'),
(8, 'Al Anfal'),
(9, 'At Tawbah'),
(10, 'Yunus'),
(11, 'Hud'),
(12, 'Yusuf'),
(13, 'Ar Ra''d'),
(14, 'Ibrahim'),
(15, 'Al Hijr'),
(16, 'An Nahl'),
(17, 'Al Isra'''),
(18, 'Al Kahfi'),
(19, 'Maryam'),
(20, 'Ta Ha'),
(21, 'Al Anbiya'''),
(22, 'Al Hajj'),
(23, 'Al Mu''minun'),
(24, 'An Nur'),
(25, 'Al Furqan'),
(26, 'Asy Syu''ara'''),
(27, 'An Naml'),
(28, 'Al Qossos'),
(29, 'Al Ankabut'),
(30, 'Ar Rum'),
(31, 'Luqman'),
(32, 'As Sajdah'),
(33, 'Al Ahzab'),
(34, 'Saba'''),
(35, 'Fathir'),
(36, 'Ya Sin'),
(37, 'As Saffat'),
(38, 'Sad'),
(39, 'Az Zumar'),
(40, 'Al Mu''min'),
(41, 'Ha Mim As Sajdah'),
(42, 'Asy Syura'),
(43, 'Az Zukhruf'),
(44, 'Ad Dukhan'),
(45, 'Al Jasiyah'),
(46, 'Al Ahqaf'),
(47, 'Muhammad'),
(48, 'Al Fath'),
(49, 'Al Hujurat'),
(50, 'Qaf'),
(51, 'Az Dzariyat'),
(52, 'At Tur'),
(53, 'An Najm'),
(54, 'Al Qomar'),
(55, 'Ar Rahman'),
(56, 'Al Waqiah'),
(57, 'Al Hadid'),
(58, 'Al Mujadilah'),
(59, 'Al Hasyr'),
(60, 'Al Mumtahanah'),
(61, 'As Saff'),
(62, 'Al Jumu''ah'),
(63, 'Al Munafiqun'),
(64, 'At Taqabun'),
(65, 'At Talaq'),
(66, 'At Tahrim'),
(67, 'Al Mulk'),
(68, 'Al Qalam'),
(69, 'Al Haqqah'),
(70, 'Al Ma''arij'),
(71, 'Nuh'),
(72, 'Al Jinn'),
(73, 'Al Muzzammil'),
(74, 'Al Muddassir'),
(75, 'Al qiyamah'),
(76, 'Al Insan'),
(77, 'Ar Mursalat'),
(78, 'An Naba'''),
(79, 'An Nazi''at'),
(80, '''Abasa'),
(81, 'At Takwir'),
(82, 'Al Infitar'),
(83, 'At Tatfif'),
(84, 'Al Insyiqaq'),
(85, 'Al Buruj'),
(86, 'At Tariq'),
(87, 'Al A''la'),
(88, 'Al Gasyiyah'),
(89, 'Al Fajr'),
(90, 'Al Balad'),
(91, 'Asy Syams'),
(92, 'Al Layl'),
(93, 'Ad Dhuha'),
(94, 'Al Insyirah'),
(95, 'At Tin'),
(96, 'Al ''Alaq'),
(97, 'Al Qadr'),
(98, 'Al Bayyinah'),
(99, 'Az zilzal'),
(100, 'Ad ''Adiyat'),
(101, 'Al Qari''ah'),
(102, 'At Takasur'),
(103, 'Al ''Asr'),
(104, 'Al Humazah'),
(105, 'Al Fil'),
(106, 'Al Quraysy'),
(107, 'Al Ma''un'),
(108, 'Al Kawsar'),
(109, 'Al Kafirun'),
(110, 'An Nasr'),
(111, 'Al Lahab'),
(112, 'Al Ikhlas'),
(113, 'Al Falaq'),
(114, 'An Nas');

-- --------------------------------------------------------

--
-- Table structure for table `users`
--

CREATE TABLE `users` (
  `id` char(6) NOT NULL,
  `username` varchar(255) NOT NULL,
  `password` varchar(255) NOT NULL
) ENGINE=InnoDB DEFAULT CHARSET=latin1;

--
-- Indexes for dumped tables
--

--
-- Indexes for table `admin`
--
ALTER TABLE `admin`
  ADD PRIMARY KEY (`id`);

--
-- Indexes for table `data_santri`
--
ALTER TABLE `data_santri`
  ADD PRIMARY KEY (`nis`),
  ADD KEY `kode_kuliah` (`kode_kuliah`);

--
-- Indexes for table `hapalan`
--
ALTER TABLE `hapalan`
  ADD PRIMARY KEY (`nis`,`qid`),
  ADD KEY `skor` (`skor`),
  ADD KEY `qid` (`qid`);

--
-- Indexes for table `himpunan`
--
ALTER TABLE `himpunan`
  ADD PRIMARY KEY (`himpunanid`);

--
-- Indexes for table `kampus`
--
ALTER TABLE `kampus`
  ADD PRIMARY KEY (`kode_kampus`);

--
-- Indexes for table `kuliah`
--
ALTER TABLE `kuliah`
  ADD PRIMARY KEY (`kode_kuliah`),
  ADD KEY `kode_kampus` (`kode_kampus`);

--
-- Indexes for table `quran`
--
ALTER TABLE `quran`
  ADD PRIMARY KEY (`qid`),
  ADD KEY `suratid` (`suratid`);

--
-- Indexes for table `skor_hapalan`
--
ALTER TABLE `skor_hapalan`
  ADD PRIMARY KEY (`skor`);

--
-- Indexes for table `surat`
--
ALTER TABLE `surat`
  ADD PRIMARY KEY (`suratid`);

--
-- Indexes for table `users`
--
ALTER TABLE `users`
  ADD PRIMARY KEY (`id`);

--
-- AUTO_INCREMENT for dumped tables
--

--
-- AUTO_INCREMENT for table `himpunan`
--
ALTER TABLE `himpunan`
  MODIFY `himpunanid` int(2) NOT NULL AUTO_INCREMENT;
--
-- AUTO_INCREMENT for table `quran`
--
ALTER TABLE `quran`
  MODIFY `qid` int(4) NOT NULL AUTO_INCREMENT, AUTO_INCREMENT=6237;
--
-- Constraints for dumped tables
--

--
-- Constraints for table `data_santri`
--
ALTER TABLE `data_santri`
  ADD CONSTRAINT `data_santri_ibfk_1` FOREIGN KEY (`kode_kuliah`) REFERENCES `kuliah` (`kode_kuliah`) ON DELETE NO ACTION ON UPDATE CASCADE;

--
-- Constraints for table `hapalan`
--
ALTER TABLE `hapalan`
  ADD CONSTRAINT `hapalan_ibfk_1` FOREIGN KEY (`nis`) REFERENCES `data_santri` (`nis`) ON DELETE CASCADE ON UPDATE CASCADE,
  ADD CONSTRAINT `hapalan_ibfk_2` FOREIGN KEY (`qid`) REFERENCES `quran` (`qid`) ON DELETE CASCADE ON UPDATE CASCADE,
  ADD CONSTRAINT `hapalan_ibfk_3` FOREIGN KEY (`skor`) REFERENCES `skor_hapalan` (`skor`) ON DELETE CASCADE ON UPDATE CASCADE;

--
-- Constraints for table `kuliah`
--
ALTER TABLE `kuliah`
  ADD CONSTRAINT `kuliah_ibfk_1` FOREIGN KEY (`kode_kampus`) REFERENCES `kampus` (`kode_kampus`) ON DELETE CASCADE ON UPDATE CASCADE;

--
-- Constraints for table `quran`
--
ALTER TABLE `quran`
  ADD CONSTRAINT `quran_ibfk_1` FOREIGN KEY (`suratid`) REFERENCES `surat` (`suratid`);

--
-- Constraints for table `users`
--
ALTER TABLE `users`
  ADD CONSTRAINT `users_ibfk_1` FOREIGN KEY (`id`) REFERENCES `data_santri` (`nis`) ON DELETE CASCADE ON UPDATE CASCADE;

/*!40101 SET CHARACTER_SET_CLIENT=@OLD_CHARACTER_SET_CLIENT */;
/*!40101 SET CHARACTER_SET_RESULTS=@OLD_CHARACTER_SET_RESULTS */;
/*!40101 SET COLLATION_CONNECTION=@OLD_COLLATION_CONNECTION */;
